budget_name,budget_date,store_id,orders_budget_daily,sales_amount_daily
Budget_FY26_v1,2025-12-16,1,1000,155000.000000
Budget_FY26_v1,2025-12-17,1,1000,155000.000000
Budget_FY26_v1,2025-12-18,1,1000,155000.000000
Budget_FY26_v1,2025-12-19,1,1000,155000.000000
Budget_FY26_v1,2025-12-20,1,1000,155000.000000
Budget_FY26_v1,2025-12-21,1,1000,155000.000000
Budget_FY26_v1,2025-12-22,1,1000,155000.000000
Budget_FY26_v1,2025-12-23,1,1000,155000.000000
Budget_FY26_v1,2025-12-24,1,1000,155000.000000
Budget_FY26_v1,2025-12-25,1,1000,155000.000000
Budget_FY26_v1,2025-12-26,1,1000,155000.000000
Budget_FY26_v1,2025-12-27,1,1000,155000.000000
Budget_FY26_v1,2025-12-28,1,1000,155000.000000
Budget_FY26_v1,2025-12-29,1,1000,155000.000000
Budget_FY26_v1,2025-12-30,1,1000,155000.000000
Budget_FY26_v1,2025-12-31,1,1000,155000.000000
Budget_FY26_v1,2025-12-16,2,1000,155000.000000
Budget_FY26_v1,2025-12-17,2,1000,155000.000000
Budget_FY26_v1,2025-12-18,2,1000,155000.000000
Budget_FY26_v1,2025-12-19,2,1000,155000.000000
Budget_FY26_v1,2025-12-20,2,1000,155000.000000
Budget_FY26_v1,2025-12-21,2,1000,155000.000000
Budget_FY26_v1,2025-12-22,2,1000,155000.000000
Budget_FY26_v1,2025-12-23,2,1000,155000.000000
Budget_FY26_v1,2025-12-24,2,1000,155000.000000
Budget_FY26_v1,2025-12-25,2,1000,155000.000000
Budget_FY26_v1,2025-12-26,2,1000,155000.000000
Budget_FY26_v1,2025-12-27,2,1000,155000.000000
Budget_FY26_v1,2025-12-28,2,1000,155000.000000
Budget_FY26_v1,2025-12-29,2,1000,155000.000000
Budget_FY26_v1,2025-12-30,2,1000,155000.000000
Budget_FY26_v1,2025-12-31,2,1000,155000.000000
Budget_FY26_v1,2025-12-16,3,1000,155000.000000
Budget_FY26_v1,2025-12-17,3,1000,155000.000000
Budget_FY26_v1,2025-12-18,3,1000,155000.000000
Budget_FY26_v1,2025-12-19,3,1000,155000.000000
Budget_FY26_v1,2025-12-20,3,1000,155000.000000
Budget_FY26_v1,2025-12-21,3,1000,155000.000000
Budget_FY26_v1,2025-12-22,3,1000,155000.000000
Budget_FY26_v1,2025-12-23,3,1000,155000.000000
Budget_FY26_v1,2025-12-24,3,1000,155000.000000
Budget_FY26_v1,2025-12-25,3,1000,155000.000000
Budget_FY26_v1,2025-12-26,3,1000,155000.000000
Budget_FY26_v1,2025-12-27,3,1000,155000.000000
Budget_FY26_v1,2025-12-28,3,1000,155000.000000
Budget_FY26_v1,2025-12-29,3,1000,155000.000000
Budget_FY26_v1,2025-12-30,3,1000,155000.000000
Budget_FY26_v1,2025-12-31,3,1000,155000.000000
Budget_FY26_v1,2025-12-16,4,1000,155000.000000
Budget_FY26_v1,2025-12-17,4,1000,155000.000000
Budget_FY26_v1,2025-12-18,4,1000,155000.000000
Budget_FY26_v1,2025-12-19,4,1000,155000.000000
Budget_FY26_v1,2025-12-20,4,1000,155000.000000
Budget_FY26_v1,2025-12-21,4,1000,155000.000000
Budget_FY26_v1,2025-12-22,4,1000,155000.000000
Budget_FY26_v1,2025-12-23,4,1000,155000.000000
Budget_FY26_v1,2025-12-24,4,1000,155000.000000
Budget_FY26_v1,2025-12-25,4,1000,155000.000000
Budget_FY26_v1,2025-12-26,4,1000,155000.000000
Budget_FY26_v1,2025-12-27,4,1000,155000.000000
Budget_FY26_v1,2025-12-28,4,1000,155000.000000
Budget_FY26_v1,2025-12-29,4,1000,155000.000000
Budget_FY26_v1,2025-12-30,4,1000,155000.000000
Budget_FY26_v1,2025-12-31,4,1000,155000.000000
Budget_FY26_v1,2025-12-16,5,1000,155000.000000
Budget_FY26_v1,2025-12-17,5,1000,155000.000000
Budget_FY26_v1,2025-12-18,5,1000,155000.000000
Budget_FY26_v1,2025-12-19,5,1000,155000.000000
Budget_FY26_v1,2025-12-20,5,1000,155000.000000
Budget_FY26_v1,2025-12-21,5,1000,155000.000000
Budget_FY26_v1,2025-12-22,5,1000,155000.000000
Budget_FY26_v1,2025-12-23,5,1000,155000.000000
Budget_FY26_v1,2025-12-24,5,1000,155000.000000
Budget_FY26_v1,2025-12-25,5,1000,155000.000000
Budget_FY26_v1,2025-12-26,5,1000,155000.000000
Budget_FY26_v1,2025-12-27,5,1000,155000.000000
Budget_FY26_v1,2025-12-28,5,1000,155000.000000
Budget_FY26_v1,2025-12-29,5,1000,155000.000000
Budget_FY26_v1,2025-12-30,5,1000,155000.000000
Budget_FY26_v1,2025-12-31,5,1000,155000.000000
Budget_FY26_v1,2026-01-01,1,1130,176129.032259
Budget_FY26_v1,2026-01-02,1,1129,176129.032259
Budget_FY26_v1,2026-01-03,1,1129,176129.032258
Budget_FY26_v1,2026-01-04,1,1129,176129.032258
Budget_FY26_v1,2026-01-05,1,1129,176129.032258
Budget_FY26_v1,2026-01-06,1,1129,176129.032258
Budget_FY26_v1,2026-01-07,1,1129,176129.032258
Budget_FY26_v1,2026-01-08,1,1129,176129.032258
Budget_FY26_v1,2026-01-09,1,1129,176129.032258
Budget_FY26_v1,2026-01-10,1,1129,176129.032258
Budget_FY26_v1,2026-01-11,1,1129,176129.032258
Budget_FY26_v1,2026-01-12,1,1129,176129.032258
Budget_FY26_v1,2026-01-13,1,1129,176129.032258
Budget_FY26_v1,2026-01-14,1,1129,176129.032258
Budget_FY26_v1,2026-01-15,1,1129,176129.032258
Budget_FY26_v1,2026-01-16,1,1129,176129.032258
Budget_FY26_v1,2026-01-17,1,1129,176129.032258
Budget_FY26_v1,2026-01-18,1,1129,176129.032258
Budget_FY26_v1,2026-01-19,1,1129,176129.032258
Budget_FY26_v1,2026-01-20,1,1129,176129.032258
Budget_FY26_v1,2026-01-21,1,1129,176129.032258
Budget_FY26_v1,2026-01-22,1,1129,176129.032258
Budget_FY26_v1,2026-01-23,1,1129,176129.032258
Budget_FY26_v1,2026-01-24,1,1129,176129.032258
Budget_FY26_v1,2026-01-25,1,1129,176129.032258
Budget_FY26_v1,2026-01-26,1,1129,176129.032258
Budget_FY26_v1,2026-01-27,1,1129,176129.032258
Budget_FY26_v1,2026-01-28,1,1129,176129.032258
Budget_FY26_v1,2026-01-29,1,1129,176129.032258
Budget_FY26_v1,2026-01-30,1,1129,176129.032258
Budget_FY26_v1,2026-01-31,1,1129,176129.032258
Budget_FY26_v1,2026-01-01,2,1130,176129.032259
Budget_FY26_v1,2026-01-02,2,1129,176129.032259
Budget_FY26_v1,2026-01-03,2,1129,176129.032258
Budget_FY26_v1,2026-01-04,2,1129,176129.032258
Budget_FY26_v1,2026-01-05,2,1129,176129.032258
Budget_FY26_v1,2026-01-06,2,1129,176129.032258
Budget_FY26_v1,2026-01-07,2,1129,176129.032258
Budget_FY26_v1,2026-01-08,2,1129,176129.032258
Budget_FY26_v1,2026-01-09,2,1129,176129.032258
Budget_FY26_v1,2026-01-10,2,1129,176129.032258
Budget_FY26_v1,2026-01-11,2,1129,176129.032258
Budget_FY26_v1,2026-01-12,2,1129,176129.032258
Budget_FY26_v1,2026-01-13,2,1129,176129.032258
Budget_FY26_v1,2026-01-14,2,1129,176129.032258
Budget_FY26_v1,2026-01-15,2,1129,176129.032258
Budget_FY26_v1,2026-01-16,2,1129,176129.032258
Budget_FY26_v1,2026-01-17,2,1129,176129.032258
Budget_FY26_v1,2026-01-18,2,1129,176129.032258
Budget_FY26_v1,2026-01-19,2,1129,176129.032258
Budget_FY26_v1,2026-01-20,2,1129,176129.032258
Budget_FY26_v1,2026-01-21,2,1129,176129.032258
Budget_FY26_v1,2026-01-22,2,1129,176129.032258
Budget_FY26_v1,2026-01-23,2,1129,176129.032258
Budget_FY26_v1,2026-01-24,2,1129,176129.032258
Budget_FY26_v1,2026-01-25,2,1129,176129.032258
Budget_FY26_v1,2026-01-26,2,1129,176129.032258
Budget_FY26_v1,2026-01-27,2,1129,176129.032258
Budget_FY26_v1,2026-01-28,2,1129,176129.032258
Budget_FY26_v1,2026-01-29,2,1129,176129.032258
Budget_FY26_v1,2026-01-30,2,1129,176129.032258
Budget_FY26_v1,2026-01-31,2,1129,176129.032258
Budget_FY26_v1,2026-01-01,3,1130,176129.032259
Budget_FY26_v1,2026-01-02,3,1129,176129.032259
Budget_FY26_v1,2026-01-03,3,1129,176129.032258
Budget_FY26_v1,2026-01-04,3,1129,176129.032258
Budget_FY26_v1,2026-01-05,3,1129,176129.032258
Budget_FY26_v1,2026-01-06,3,1129,176129.032258
Budget_FY26_v1,2026-01-07,3,1129,176129.032258
Budget_FY26_v1,2026-01-08,3,1129,176129.032258
Budget_FY26_v1,2026-01-09,3,1129,176129.032258
Budget_FY26_v1,2026-01-10,3,1129,176129.032258
Budget_FY26_v1,2026-01-11,3,1129,176129.032258
Budget_FY26_v1,2026-01-12,3,1129,176129.032258
Budget_FY26_v1,2026-01-13,3,1129,176129.032258
Budget_FY26_v1,2026-01-14,3,1129,176129.032258
Budget_FY26_v1,2026-01-15,3,1129,176129.032258
Budget_FY26_v1,2026-01-16,3,1129,176129.032258
Budget_FY26_v1,2026-01-17,3,1129,176129.032258
Budget_FY26_v1,2026-01-18,3,1129,176129.032258
Budget_FY26_v1,2026-01-19,3,1129,176129.032258
Budget_FY26_v1,2026-01-20,3,1129,176129.032258
Budget_FY26_v1,2026-01-21,3,1129,176129.032258
Budget_FY26_v1,2026-01-22,3,1129,176129.032258
Budget_FY26_v1,2026-01-23,3,1129,176129.032258
Budget_FY26_v1,2026-01-24,3,1129,176129.032258
Budget_FY26_v1,2026-01-25,3,1129,176129.032258
Budget_FY26_v1,2026-01-26,3,1129,176129.032258
Budget_FY26_v1,2026-01-27,3,1129,176129.032258
Budget_FY26_v1,2026-01-28,3,1129,176129.032258
Budget_FY26_v1,2026-01-29,3,1129,176129.032258
Budget_FY26_v1,2026-01-30,3,1129,176129.032258
Budget_FY26_v1,2026-01-31,3,1129,176129.032258
Budget_FY26_v1,2026-01-01,4,1130,176129.032259
Budget_FY26_v1,2026-01-02,4,1129,176129.032259
Budget_FY26_v1,2026-01-03,4,1129,176129.032258
Budget_FY26_v1,2026-01-04,4,1129,176129.032258
Budget_FY26_v1,2026-01-05,4,1129,176129.032258
Budget_FY26_v1,2026-01-06,4,1129,176129.032258
Budget_FY26_v1,2026-01-07,4,1129,176129.032258
Budget_FY26_v1,2026-01-08,4,1129,176129.032258
Budget_FY26_v1,2026-01-09,4,1129,176129.032258
Budget_FY26_v1,2026-01-10,4,1129,176129.032258
Budget_FY26_v1,2026-01-11,4,1129,176129.032258
Budget_FY26_v1,2026-01-12,4,1129,176129.032258
Budget_FY26_v1,2026-01-13,4,1129,176129.032258
Budget_FY26_v1,2026-01-14,4,1129,176129.032258
Budget_FY26_v1,2026-01-15,4,1129,176129.032258
Budget_FY26_v1,2026-01-16,4,1129,176129.032258
Budget_FY26_v1,2026-01-17,4,1129,176129.032258
Budget_FY26_v1,2026-01-18,4,1129,176129.032258
Budget_FY26_v1,2026-01-19,4,1129,176129.032258
Budget_FY26_v1,2026-01-20,4,1129,176129.032258
Budget_FY26_v1,2026-01-21,4,1129,176129.032258
Budget_FY26_v1,2026-01-22,4,1129,176129.032258
Budget_FY26_v1,2026-01-23,4,1129,176129.032258
Budget_FY26_v1,2026-01-24,4,1129,176129.032258
Budget_FY26_v1,2026-01-25,4,1129,176129.032258
Budget_FY26_v1,2026-01-26,4,1129,176129.032258
Budget_FY26_v1,2026-01-27,4,1129,176129.032258
Budget_FY26_v1,2026-01-28,4,1129,176129.032258
Budget_FY26_v1,2026-01-29,4,1129,176129.032258
Budget_FY26_v1,2026-01-30,4,1129,176129.032258
Budget_FY26_v1,2026-01-31,4,1129,176129.032258
Budget_FY26_v1,2026-01-01,5,1130,176129.032259
Budget_FY26_v1,2026-01-02,5,1129,176129.032259
Budget_FY26_v1,2026-01-03,5,1129,176129.032258
Budget_FY26_v1,2026-01-04,5,1129,176129.032258
Budget_FY26_v1,2026-01-05,5,1129,176129.032258
Budget_FY26_v1,2026-01-06,5,1129,176129.032258
Budget_FY26_v1,2026-01-07,5,1129,176129.032258
Budget_FY26_v1,2026-01-08,5,1129,176129.032258
Budget_FY26_v1,2026-01-09,5,1129,176129.032258
Budget_FY26_v1,2026-01-10,5,1129,176129.032258
Budget_FY26_v1,2026-01-11,5,1129,176129.032258
Budget_FY26_v1,2026-01-12,5,1129,176129.032258
Budget_FY26_v1,2026-01-13,5,1129,176129.032258
Budget_FY26_v1,2026-01-14,5,1129,176129.032258
Budget_FY26_v1,2026-01-15,5,1129,176129.032258
Budget_FY26_v1,2026-01-16,5,1129,176129.032258
Budget_FY26_v1,2026-01-17,5,1129,176129.032258
Budget_FY26_v1,2026-01-18,5,1129,176129.032258
Budget_FY26_v1,2026-01-19,5,1129,176129.032258
Budget_FY26_v1,2026-01-20,5,1129,176129.032258
Budget_FY26_v1,2026-01-21,5,1129,176129.032258
Budget_FY26_v1,2026-01-22,5,1129,176129.032258
Budget_FY26_v1,2026-01-23,5,1129,176129.032258
Budget_FY26_v1,2026-01-24,5,1129,176129.032258
Budget_FY26_v1,2026-01-25,5,1129,176129.032258
Budget_FY26_v1,2026-01-26,5,1129,176129.032258
Budget_FY26_v1,2026-01-27,5,1129,176129.032258
Budget_FY26_v1,2026-01-28,5,1129,176129.032258
Budget_FY26_v1,2026-01-29,5,1129,176129.032258
Budget_FY26_v1,2026-01-30,5,1129,176129.032258
Budget_FY26_v1,2026-01-31,5,1129,176129.032258
Budget_FY26_v1,2026-02-01,1,1608,249910.714286
Budget_FY26_v1,2026-02-02,1,1608,249910.714286
Budget_FY26_v1,2026-02-03,1,1608,249910.714286
Budget_FY26_v1,2026-02-04,1,1608,249910.714286
Budget_FY26_v1,2026-02-05,1,1607,249910.714286
Budget_FY26_v1,2026-02-06,1,1607,249910.714286
Budget_FY26_v1,2026-02-07,1,1607,249910.714286
Budget_FY26_v1,2026-02-08,1,1607,249910.714286
Budget_FY26_v1,2026-02-09,1,1607,249910.714286
Budget_FY26_v1,2026-02-10,1,1607,249910.714286
Budget_FY26_v1,2026-02-11,1,1607,249910.714286
Budget_FY26_v1,2026-02-12,1,1607,249910.714286
Budget_FY26_v1,2026-02-13,1,1607,249910.714286
Budget_FY26_v1,2026-02-14,1,1607,249910.714286
Budget_FY26_v1,2026-02-15,1,1607,249910.714286
Budget_FY26_v1,2026-02-16,1,1607,249910.714286
Budget_FY26_v1,2026-02-17,1,1607,249910.714286
Budget_FY26_v1,2026-02-18,1,1607,249910.714286
Budget_FY26_v1,2026-02-19,1,1607,249910.714286
Budget_FY26_v1,2026-02-20,1,1607,249910.714286
Budget_FY26_v1,2026-02-21,1,1607,249910.714285
Budget_FY26_v1,2026-02-22,1,1607,249910.714285
Budget_FY26_v1,2026-02-23,1,1607,249910.714285
Budget_FY26_v1,2026-02-24,1,1607,249910.714285
Budget_FY26_v1,2026-02-25,1,1607,249910.714285
Budget_FY26_v1,2026-02-26,1,1607,249910.714285
Budget_FY26_v1,2026-02-27,1,1607,249910.714285
Budget_FY26_v1,2026-02-28,1,1607,249910.714285
Budget_FY26_v1,2026-02-01,2,1608,249910.714286
Budget_FY26_v1,2026-02-02,2,1608,249910.714286
Budget_FY26_v1,2026-02-03,2,1608,249910.714286
Budget_FY26_v1,2026-02-04,2,1608,249910.714286
Budget_FY26_v1,2026-02-05,2,1607,249910.714286
Budget_FY26_v1,2026-02-06,2,1607,249910.714286
Budget_FY26_v1,2026-02-07,2,1607,249910.714286
Budget_FY26_v1,2026-02-08,2,1607,249910.714286
Budget_FY26_v1,2026-02-09,2,1607,249910.714286
Budget_FY26_v1,2026-02-10,2,1607,249910.714286
Budget_FY26_v1,2026-02-11,2,1607,249910.714286
Budget_FY26_v1,2026-02-12,2,1607,249910.714286
Budget_FY26_v1,2026-02-13,2,1607,249910.714286
Budget_FY26_v1,2026-02-14,2,1607,249910.714286
Budget_FY26_v1,2026-02-15,2,1607,249910.714286
Budget_FY26_v1,2026-02-16,2,1607,249910.714286
Budget_FY26_v1,2026-02-17,2,1607,249910.714286
Budget_FY26_v1,2026-02-18,2,1607,249910.714286
Budget_FY26_v1,2026-02-19,2,1607,249910.714286
Budget_FY26_v1,2026-02-20,2,1607,249910.714286
Budget_FY26_v1,2026-02-21,2,1607,249910.714285
Budget_FY26_v1,2026-02-22,2,1607,249910.714285
Budget_FY26_v1,2026-02-23,2,1607,249910.714285
Budget_FY26_v1,2026-02-24,2,1607,249910.714285
Budget_FY26_v1,2026-02-25,2,1607,249910.714285
Budget_FY26_v1,2026-02-26,2,1607,249910.714285
Budget_FY26_v1,2026-02-27,2,1607,249910.714285
Budget_FY26_v1,2026-02-28,2,1607,249910.714285
Budget_FY26_v1,2026-02-01,3,1608,249910.714286
Budget_FY26_v1,2026-02-02,3,1608,249910.714286
Budget_FY26_v1,2026-02-03,3,1608,249910.714286
Budget_FY26_v1,2026-02-04,3,1608,249910.714286
Budget_FY26_v1,2026-02-05,3,1607,249910.714286
Budget_FY26_v1,2026-02-06,3,1607,249910.714286
Budget_FY26_v1,2026-02-07,3,1607,249910.714286
Budget_FY26_v1,2026-02-08,3,1607,249910.714286
Budget_FY26_v1,2026-02-09,3,1607,249910.714286
Budget_FY26_v1,2026-02-10,3,1607,249910.714286
Budget_FY26_v1,2026-02-11,3,1607,249910.714286
Budget_FY26_v1,2026-02-12,3,1607,249910.714286
Budget_FY26_v1,2026-02-13,3,1607,249910.714286
Budget_FY26_v1,2026-02-14,3,1607,249910.714286
Budget_FY26_v1,2026-02-15,3,1607,249910.714286
Budget_FY26_v1,2026-02-16,3,1607,249910.714286
Budget_FY26_v1,2026-02-17,3,1607,249910.714286
Budget_FY26_v1,2026-02-18,3,1607,249910.714286
Budget_FY26_v1,2026-02-19,3,1607,249910.714286
Budget_FY26_v1,2026-02-20,3,1607,249910.714286
Budget_FY26_v1,2026-02-21,3,1607,249910.714285
Budget_FY26_v1,2026-02-22,3,1607,249910.714285
Budget_FY26_v1,2026-02-23,3,1607,249910.714285
Budget_FY26_v1,2026-02-24,3,1607,249910.714285
Budget_FY26_v1,2026-02-25,3,1607,249910.714285
Budget_FY26_v1,2026-02-26,3,1607,249910.714285
Budget_FY26_v1,2026-02-27,3,1607,249910.714285
Budget_FY26_v1,2026-02-28,3,1607,249910.714285
Budget_FY26_v1,2026-02-01,4,1608,249910.714286
Budget_FY26_v1,2026-02-02,4,1608,249910.714286
Budget_FY26_v1,2026-02-03,4,1608,249910.714286
Budget_FY26_v1,2026-02-04,4,1608,249910.714286
Budget_FY26_v1,2026-02-05,4,1607,249910.714286
Budget_FY26_v1,2026-02-06,4,1607,249910.714286
Budget_FY26_v1,2026-02-07,4,1607,249910.714286
Budget_FY26_v1,2026-02-08,4,1607,249910.714286
Budget_FY26_v1,2026-02-09,4,1607,249910.714286
Budget_FY26_v1,2026-02-10,4,1607,249910.714286
Budget_FY26_v1,2026-02-11,4,1607,249910.714286
Budget_FY26_v1,2026-02-12,4,1607,249910.714286
Budget_FY26_v1,2026-02-13,4,1607,249910.714286
Budget_FY26_v1,2026-02-14,4,1607,249910.714286
Budget_FY26_v1,2026-02-15,4,1607,249910.714286
Budget_FY26_v1,2026-02-16,4,1607,249910.714286
Budget_FY26_v1,2026-02-17,4,1607,249910.714286
Budget_FY26_v1,2026-02-18,4,1607,249910.714286
Budget_FY26_v1,2026-02-19,4,1607,249910.714286
Budget_FY26_v1,2026-02-20,4,1607,249910.714286
Budget_FY26_v1,2026-02-21,4,1607,249910.714285
Budget_FY26_v1,2026-02-22,4,1607,249910.714285
Budget_FY26_v1,2026-02-23,4,1607,249910.714285
Budget_FY26_v1,2026-02-24,4,1607,249910.714285
Budget_FY26_v1,2026-02-25,4,1607,249910.714285
Budget_FY26_v1,2026-02-26,4,1607,249910.714285
Budget_FY26_v1,2026-02-27,4,1607,249910.714285
Budget_FY26_v1,2026-02-28,4,1607,249910.714285
Budget_FY26_v1,2026-02-01,5,1608,249910.714286
Budget_FY26_v1,2026-02-02,5,1608,249910.714286
Budget_FY26_v1,2026-02-03,5,1608,249910.714286
Budget_FY26_v1,2026-02-04,5,1608,249910.714286
Budget_FY26_v1,2026-02-05,5,1607,249910.714286
Budget_FY26_v1,2026-02-06,5,1607,249910.714286
Budget_FY26_v1,2026-02-07,5,1607,249910.714286
Budget_FY26_v1,2026-02-08,5,1607,249910.714286
Budget_FY26_v1,2026-02-09,5,1607,249910.714286
Budget_FY26_v1,2026-02-10,5,1607,249910.714286
Budget_FY26_v1,2026-02-11,5,1607,249910.714286
Budget_FY26_v1,2026-02-12,5,1607,249910.714286
Budget_FY26_v1,2026-02-13,5,1607,249910.714286
Budget_FY26_v1,2026-02-14,5,1607,249910.714286
Budget_FY26_v1,2026-02-15,5,1607,249910.714286
Budget_FY26_v1,2026-02-16,5,1607,249910.714286
Budget_FY26_v1,2026-02-17,5,1607,249910.714286
Budget_FY26_v1,2026-02-18,5,1607,249910.714286
Budget_FY26_v1,2026-02-19,5,1607,249910.714286
Budget_FY26_v1,2026-02-20,5,1607,249910.714286
Budget_FY26_v1,2026-02-21,5,1607,249910.714285
Budget_FY26_v1,2026-02-22,5,1607,249910.714285
Budget_FY26_v1,2026-02-23,5,1607,249910.714285
Budget_FY26_v1,2026-02-24,5,1607,249910.714285
Budget_FY26_v1,2026-02-25,5,1607,249910.714285
Budget_FY26_v1,2026-02-26,5,1607,249910.714285
Budget_FY26_v1,2026-02-27,5,1607,249910.714285
Budget_FY26_v1,2026-02-28,5,1607,249910.714285
Budget_FY26_v1,2026-03-01,1,1936,301935.483871
Budget_FY26_v1,2026-03-02,1,1936,301935.483871
Budget_FY26_v1,2026-03-03,1,1936,301935.483871
Budget_FY26_v1,2026-03-04,1,1936,301935.483871
Budget_FY26_v1,2026-03-05,1,1936,301935.483871
Budget_FY26_v1,2026-03-06,1,1936,301935.483871
Budget_FY26_v1,2026-03-07,1,1936,301935.483871
Budget_FY26_v1,2026-03-08,1,1936,301935.483871
Budget_FY26_v1,2026-03-09,1,1936,301935.483871
Budget_FY26_v1,2026-03-10,1,1936,301935.483871
Budget_FY26_v1,2026-03-11,1,1936,301935.483871
Budget_FY26_v1,2026-03-12,1,1936,301935.483871
Budget_FY26_v1,2026-03-13,1,1936,301935.483871
Budget_FY26_v1,2026-03-14,1,1936,301935.483871
Budget_FY26_v1,2026-03-15,1,1936,301935.483871
Budget_FY26_v1,2026-03-16,1,1935,301935.483871
Budget_FY26_v1,2026-03-17,1,1935,301935.483871
Budget_FY26_v1,2026-03-18,1,1935,301935.483871
Budget_FY26_v1,2026-03-19,1,1935,301935.483871
Budget_FY26_v1,2026-03-20,1,1935,301935.483871
Budget_FY26_v1,2026-03-21,1,1935,301935.483871
Budget_FY26_v1,2026-03-22,1,1935,301935.483871
Budget_FY26_v1,2026-03-23,1,1935,301935.483871
Budget_FY26_v1,2026-03-24,1,1935,301935.483871
Budget_FY26_v1,2026-03-25,1,1935,301935.483871
Budget_FY26_v1,2026-03-26,1,1935,301935.483871
Budget_FY26_v1,2026-03-27,1,1935,301935.483871
Budget_FY26_v1,2026-03-28,1,1935,301935.483871
Budget_FY26_v1,2026-03-29,1,1935,301935.483871
Budget_FY26_v1,2026-03-30,1,1935,301935.483871
Budget_FY26_v1,2026-03-31,1,1935,301935.483870
Budget_FY26_v1,2026-03-01,2,1936,301935.483871
Budget_FY26_v1,2026-03-02,2,1936,301935.483871
Budget_FY26_v1,2026-03-03,2,1936,301935.483871
Budget_FY26_v1,2026-03-04,2,1936,301935.483871
Budget_FY26_v1,2026-03-05,2,1936,301935.483871
Budget_FY26_v1,2026-03-06,2,1936,301935.483871
Budget_FY26_v1,2026-03-07,2,1936,301935.483871
Budget_FY26_v1,2026-03-08,2,1936,301935.483871
Budget_FY26_v1,2026-03-09,2,1936,301935.483871
Budget_FY26_v1,2026-03-10,2,1936,301935.483871
Budget_FY26_v1,2026-03-11,2,1936,301935.483871
Budget_FY26_v1,2026-03-12,2,1936,301935.483871
Budget_FY26_v1,2026-03-13,2,1936,301935.483871
Budget_FY26_v1,2026-03-14,2,1936,301935.483871
Budget_FY26_v1,2026-03-15,2,1936,301935.483871
Budget_FY26_v1,2026-03-16,2,1935,301935.483871
Budget_FY26_v1,2026-03-17,2,1935,301935.483871
Budget_FY26_v1,2026-03-18,2,1935,301935.483871
Budget_FY26_v1,2026-03-19,2,1935,301935.483871
Budget_FY26_v1,2026-03-20,2,1935,301935.483871
Budget_FY26_v1,2026-03-21,2,1935,301935.483871
Budget_FY26_v1,2026-03-22,2,1935,301935.483871
Budget_FY26_v1,2026-03-23,2,1935,301935.483871
Budget_FY26_v1,2026-03-24,2,1935,301935.483871
Budget_FY26_v1,2026-03-25,2,1935,301935.483871
Budget_FY26_v1,2026-03-26,2,1935,301935.483871
Budget_FY26_v1,2026-03-27,2,1935,301935.483871
Budget_FY26_v1,2026-03-28,2,1935,301935.483871
Budget_FY26_v1,2026-03-29,2,1935,301935.483871
Budget_FY26_v1,2026-03-30,2,1935,301935.483871
Budget_FY26_v1,2026-03-31,2,1935,301935.483870
Budget_FY26_v1,2026-03-01,3,1936,301935.483871
Budget_FY26_v1,2026-03-02,3,1936,301935.483871
Budget_FY26_v1,2026-03-03,3,1936,301935.483871
Budget_FY26_v1,2026-03-04,3,1936,301935.483871
Budget_FY26_v1,2026-03-05,3,1936,301935.483871
Budget_FY26_v1,2026-03-06,3,1936,301935.483871
Budget_FY26_v1,2026-03-07,3,1936,301935.483871
Budget_FY26_v1,2026-03-08,3,1936,301935.483871
Budget_FY26_v1,2026-03-09,3,1936,301935.483871
Budget_FY26_v1,2026-03-10,3,1936,301935.483871
Budget_FY26_v1,2026-03-11,3,1936,301935.483871
Budget_FY26_v1,2026-03-12,3,1936,301935.483871
Budget_FY26_v1,2026-03-13,3,1936,301935.483871
Budget_FY26_v1,2026-03-14,3,1936,301935.483871
Budget_FY26_v1,2026-03-15,3,1936,301935.483871
Budget_FY26_v1,2026-03-16,3,1935,301935.483871
Budget_FY26_v1,2026-03-17,3,1935,301935.483871
Budget_FY26_v1,2026-03-18,3,1935,301935.483871
Budget_FY26_v1,2026-03-19,3,1935,301935.483871
Budget_FY26_v1,2026-03-20,3,1935,301935.483871
Budget_FY26_v1,2026-03-21,3,1935,301935.483871
Budget_FY26_v1,2026-03-22,3,1935,301935.483871
Budget_FY26_v1,2026-03-23,3,1935,301935.483871
Budget_FY26_v1,2026-03-24,3,1935,301935.483871
Budget_FY26_v1,2026-03-25,3,1935,301935.483871
Budget_FY26_v1,2026-03-26,3,1935,301935.483871
Budget_FY26_v1,2026-03-27,3,1935,301935.483871
Budget_FY26_v1,2026-03-28,3,1935,301935.483871
Budget_FY26_v1,2026-03-29,3,1935,301935.483871
Budget_FY26_v1,2026-03-30,3,1935,301935.483871
Budget_FY26_v1,2026-03-31,3,1935,301935.483870
Budget_FY26_v1,2026-03-01,4,1936,301935.483871
Budget_FY26_v1,2026-03-02,4,1936,301935.483871
Budget_FY26_v1,2026-03-03,4,1936,301935.483871
Budget_FY26_v1,2026-03-04,4,1936,301935.483871
Budget_FY26_v1,2026-03-05,4,1936,301935.483871
Budget_FY26_v1,2026-03-06,4,1936,301935.483871
Budget_FY26_v1,2026-03-07,4,1936,301935.483871
Budget_FY26_v1,2026-03-08,4,1936,301935.483871
Budget_FY26_v1,2026-03-09,4,1936,301935.483871
Budget_FY26_v1,2026-03-10,4,1936,301935.483871
Budget_FY26_v1,2026-03-11,4,1936,301935.483871
Budget_FY26_v1,2026-03-12,4,1936,301935.483871
Budget_FY26_v1,2026-03-13,4,1936,301935.483871
Budget_FY26_v1,2026-03-14,4,1936,301935.483871
Budget_FY26_v1,2026-03-15,4,1936,301935.483871
Budget_FY26_v1,2026-03-16,4,1935,301935.483871
Budget_FY26_v1,2026-03-17,4,1935,301935.483871
Budget_FY26_v1,2026-03-18,4,1935,301935.483871
Budget_FY26_v1,2026-03-19,4,1935,301935.483871
Budget_FY26_v1,2026-03-20,4,1935,301935.483871
Budget_FY26_v1,2026-03-21,4,1935,301935.483871
Budget_FY26_v1,2026-03-22,4,1935,301935.483871
Budget_FY26_v1,2026-03-23,4,1935,301935.483871
Budget_FY26_v1,2026-03-24,4,1935,301935.483871
Budget_FY26_v1,2026-03-25,4,1935,301935.483871
Budget_FY26_v1,2026-03-26,4,1935,301935.483871
Budget_FY26_v1,2026-03-27,4,1935,301935.483871
Budget_FY26_v1,2026-03-28,4,1935,301935.483871
Budget_FY26_v1,2026-03-29,4,1935,301935.483871
Budget_FY26_v1,2026-03-30,4,1935,301935.483871
Budget_FY26_v1,2026-03-31,4,1935,301935.483870
Budget_FY26_v1,2026-03-01,5,1936,301935.483871
Budget_FY26_v1,2026-03-02,5,1936,301935.483871
Budget_FY26_v1,2026-03-03,5,1936,301935.483871
Budget_FY26_v1,2026-03-04,5,1936,301935.483871
Budget_FY26_v1,2026-03-05,5,1936,301935.483871
Budget_FY26_v1,2026-03-06,5,1936,301935.483871
Budget_FY26_v1,2026-03-07,5,1936,301935.483871
Budget_FY26_v1,2026-03-08,5,1936,301935.483871
Budget_FY26_v1,2026-03-09,5,1936,301935.483871
Budget_FY26_v1,2026-03-10,5,1936,301935.483871
Budget_FY26_v1,2026-03-11,5,1936,301935.483871
Budget_FY26_v1,2026-03-12,5,1936,301935.483871
Budget_FY26_v1,2026-03-13,5,1936,301935.483871
Budget_FY26_v1,2026-03-14,5,1936,301935.483871
Budget_FY26_v1,2026-03-15,5,1936,301935.483871
Budget_FY26_v1,2026-03-16,5,1935,301935.483871
Budget_FY26_v1,2026-03-17,5,1935,301935.483871
Budget_FY26_v1,2026-03-18,5,1935,301935.483871
Budget_FY26_v1,2026-03-19,5,1935,301935.483871
Budget_FY26_v1,2026-03-20,5,1935,301935.483871
Budget_FY26_v1,2026-03-21,5,1935,301935.483871
Budget_FY26_v1,2026-03-22,5,1935,301935.483871
Budget_FY26_v1,2026-03-23,5,1935,301935.483871
Budget_FY26_v1,2026-03-24,5,1935,301935.483871
Budget_FY26_v1,2026-03-25,5,1935,301935.483871
Budget_FY26_v1,2026-03-26,5,1935,301935.483871
Budget_FY26_v1,2026-03-27,5,1935,301935.483871
Budget_FY26_v1,2026-03-28,5,1935,301935.483871
Budget_FY26_v1,2026-03-29,5,1935,301935.483871
Budget_FY26_v1,2026-03-30,5,1935,301935.483871
Budget_FY26_v1,2026-03-31,5,1935,301935.483870
Budget_FY26_v1,2026-04-01,1,2667,414666.666667
Budget_FY26_v1,2026-04-02,1,2667,414666.666667
Budget_FY26_v1,2026-04-03,1,2667,414666.666667
Budget_FY26_v1,2026-04-04,1,2667,414666.666667
Budget_FY26_v1,2026-04-05,1,2667,414666.666667
Budget_FY26_v1,2026-04-06,1,2667,414666.666667
Budget_FY26_v1,2026-04-07,1,2667,414666.666667
Budget_FY26_v1,2026-04-08,1,2667,414666.666667
Budget_FY26_v1,2026-04-09,1,2667,414666.666667
Budget_FY26_v1,2026-04-10,1,2667,414666.666667
Budget_FY26_v1,2026-04-11,1,2667,414666.666667
Budget_FY26_v1,2026-04-12,1,2667,414666.666667
Budget_FY26_v1,2026-04-13,1,2667,414666.666667
Budget_FY26_v1,2026-04-14,1,2667,414666.666667
Budget_FY26_v1,2026-04-15,1,2667,414666.666667
Budget_FY26_v1,2026-04-16,1,2667,414666.666667
Budget_FY26_v1,2026-04-17,1,2667,414666.666667
Budget_FY26_v1,2026-04-18,1,2667,414666.666667
Budget_FY26_v1,2026-04-19,1,2667,414666.666667
Budget_FY26_v1,2026-04-20,1,2667,414666.666667
Budget_FY26_v1,2026-04-21,1,2666,414666.666666
Budget_FY26_v1,2026-04-22,1,2666,414666.666666
Budget_FY26_v1,2026-04-23,1,2666,414666.666666
Budget_FY26_v1,2026-04-24,1,2666,414666.666666
Budget_FY26_v1,2026-04-25,1,2666,414666.666666
Budget_FY26_v1,2026-04-26,1,2666,414666.666666
Budget_FY26_v1,2026-04-27,1,2666,414666.666666
Budget_FY26_v1,2026-04-28,1,2666,414666.666666
Budget_FY26_v1,2026-04-29,1,2666,414666.666666
Budget_FY26_v1,2026-04-30,1,2666,414666.666666
Budget_FY26_v1,2026-04-01,2,2667,414666.666667
Budget_FY26_v1,2026-04-02,2,2667,414666.666667
Budget_FY26_v1,2026-04-03,2,2667,414666.666667
Budget_FY26_v1,2026-04-04,2,2667,414666.666667
Budget_FY26_v1,2026-04-05,2,2667,414666.666667
Budget_FY26_v1,2026-04-06,2,2667,414666.666667
Budget_FY26_v1,2026-04-07,2,2667,414666.666667
Budget_FY26_v1,2026-04-08,2,2667,414666.666667
Budget_FY26_v1,2026-04-09,2,2667,414666.666667
Budget_FY26_v1,2026-04-10,2,2667,414666.666667
Budget_FY26_v1,2026-04-11,2,2667,414666.666667
Budget_FY26_v1,2026-04-12,2,2667,414666.666667
Budget_FY26_v1,2026-04-13,2,2667,414666.666667
Budget_FY26_v1,2026-04-14,2,2667,414666.666667
Budget_FY26_v1,2026-04-15,2,2667,414666.666667
Budget_FY26_v1,2026-04-16,2,2667,414666.666667
Budget_FY26_v1,2026-04-17,2,2667,414666.666667
Budget_FY26_v1,2026-04-18,2,2667,414666.666667
Budget_FY26_v1,2026-04-19,2,2667,414666.666667
Budget_FY26_v1,2026-04-20,2,2667,414666.666667
Budget_FY26_v1,2026-04-21,2,2666,414666.666666
Budget_FY26_v1,2026-04-22,2,2666,414666.666666
Budget_FY26_v1,2026-04-23,2,2666,414666.666666
Budget_FY26_v1,2026-04-24,2,2666,414666.666666
Budget_FY26_v1,2026-04-25,2,2666,414666.666666
Budget_FY26_v1,2026-04-26,2,2666,414666.666666
Budget_FY26_v1,2026-04-27,2,2666,414666.666666
Budget_FY26_v1,2026-04-28,2,2666,414666.666666
Budget_FY26_v1,2026-04-29,2,2666,414666.666666
Budget_FY26_v1,2026-04-30,2,2666,414666.666666
Budget_FY26_v1,2026-04-01,3,2667,414666.666667
Budget_FY26_v1,2026-04-02,3,2667,414666.666667
Budget_FY26_v1,2026-04-03,3,2667,414666.666667
Budget_FY26_v1,2026-04-04,3,2667,414666.666667
Budget_FY26_v1,2026-04-05,3,2667,414666.666667
Budget_FY26_v1,2026-04-06,3,2667,414666.666667
Budget_FY26_v1,2026-04-07,3,2667,414666.666667
Budget_FY26_v1,2026-04-08,3,2667,414666.666667
Budget_FY26_v1,2026-04-09,3,2667,414666.666667
Budget_FY26_v1,2026-04-10,3,2667,414666.666667
Budget_FY26_v1,2026-04-11,3,2667,414666.666667
Budget_FY26_v1,2026-04-12,3,2667,414666.666667
Budget_FY26_v1,2026-04-13,3,2667,414666.666667
Budget_FY26_v1,2026-04-14,3,2667,414666.666667
Budget_FY26_v1,2026-04-15,3,2667,414666.666667
Budget_FY26_v1,2026-04-16,3,2667,414666.666667
Budget_FY26_v1,2026-04-17,3,2667,414666.666667
Budget_FY26_v1,2026-04-18,3,2667,414666.666667
Budget_FY26_v1,2026-04-19,3,2667,414666.666667
Budget_FY26_v1,2026-04-20,3,2667,414666.666667
Budget_FY26_v1,2026-04-21,3,2666,414666.666666
Budget_FY26_v1,2026-04-22,3,2666,414666.666666
Budget_FY26_v1,2026-04-23,3,2666,414666.666666
Budget_FY26_v1,2026-04-24,3,2666,414666.666666
Budget_FY26_v1,2026-04-25,3,2666,414666.666666
Budget_FY26_v1,2026-04-26,3,2666,414666.666666
Budget_FY26_v1,2026-04-27,3,2666,414666.666666
Budget_FY26_v1,2026-04-28,3,2666,414666.666666
Budget_FY26_v1,2026-04-29,3,2666,414666.666666
Budget_FY26_v1,2026-04-30,3,2666,414666.666666
Budget_FY26_v1,2026-04-01,4,2667,414666.666667
Budget_FY26_v1,2026-04-02,4,2667,414666.666667
Budget_FY26_v1,2026-04-03,4,2667,414666.666667
Budget_FY26_v1,2026-04-04,4,2667,414666.666667
Budget_FY26_v1,2026-04-05,4,2667,414666.666667
Budget_FY26_v1,2026-04-06,4,2667,414666.666667
Budget_FY26_v1,2026-04-07,4,2667,414666.666667
Budget_FY26_v1,2026-04-08,4,2667,414666.666667
Budget_FY26_v1,2026-04-09,4,2667,414666.666667
Budget_FY26_v1,2026-04-10,4,2667,414666.666667
Budget_FY26_v1,2026-04-11,4,2667,414666.666667
Budget_FY26_v1,2026-04-12,4,2667,414666.666667
Budget_FY26_v1,2026-04-13,4,2667,414666.666667
Budget_FY26_v1,2026-04-14,4,2667,414666.666667
Budget_FY26_v1,2026-04-15,4,2667,414666.666667
Budget_FY26_v1,2026-04-16,4,2667,414666.666667
Budget_FY26_v1,2026-04-17,4,2667,414666.666667
Budget_FY26_v1,2026-04-18,4,2667,414666.666667
Budget_FY26_v1,2026-04-19,4,2667,414666.666667
Budget_FY26_v1,2026-04-20,4,2667,414666.666667
Budget_FY26_v1,2026-04-21,4,2666,414666.666666
Budget_FY26_v1,2026-04-22,4,2666,414666.666666
Budget_FY26_v1,2026-04-23,4,2666,414666.666666
Budget_FY26_v1,2026-04-24,4,2666,414666.666666
Budget_FY26_v1,2026-04-25,4,2666,414666.666666
Budget_FY26_v1,2026-04-26,4,2666,414666.666666
Budget_FY26_v1,2026-04-27,4,2666,414666.666666
Budget_FY26_v1,2026-04-28,4,2666,414666.666666
Budget_FY26_v1,2026-04-29,4,2666,414666.666666
Budget_FY26_v1,2026-04-30,4,2666,414666.666666
Budget_FY26_v1,2026-04-01,5,2667,414666.666667
Budget_FY26_v1,2026-04-02,5,2667,414666.666667
Budget_FY26_v1,2026-04-03,5,2667,414666.666667
Budget_FY26_v1,2026-04-04,5,2667,414666.666667
Budget_FY26_v1,2026-04-05,5,2667,414666.666667
Budget_FY26_v1,2026-04-06,5,2667,414666.666667
Budget_FY26_v1,2026-04-07,5,2667,414666.666667
Budget_FY26_v1,2026-04-08,5,2667,414666.666667
Budget_FY26_v1,2026-04-09,5,2667,414666.666667
Budget_FY26_v1,2026-04-10,5,2667,414666.666667
Budget_FY26_v1,2026-04-11,5,2667,414666.666667
Budget_FY26_v1,2026-04-12,5,2667,414666.666667
Budget_FY26_v1,2026-04-13,5,2667,414666.666667
Budget_FY26_v1,2026-04-14,5,2667,414666.666667
Budget_FY26_v1,2026-04-15,5,2667,414666.666667
Budget_FY26_v1,2026-04-16,5,2667,414666.666667
Budget_FY26_v1,2026-04-17,5,2667,414666.666667
Budget_FY26_v1,2026-04-18,5,2667,414666.666667
Budget_FY26_v1,2026-04-19,5,2667,414666.666667
Budget_FY26_v1,2026-04-20,5,2667,414666.666667
Budget_FY26_v1,2026-04-21,5,2666,414666.666666
Budget_FY26_v1,2026-04-22,5,2666,414666.666666
Budget_FY26_v1,2026-04-23,5,2666,414666.666666
Budget_FY26_v1,2026-04-24,5,2666,414666.666666
Budget_FY26_v1,2026-04-25,5,2666,414666.666666
Budget_FY26_v1,2026-04-26,5,2666,414666.666666
Budget_FY26_v1,2026-04-27,5,2666,414666.666666
Budget_FY26_v1,2026-04-28,5,2666,414666.666666
Budget_FY26_v1,2026-04-29,5,2666,414666.666666
Budget_FY26_v1,2026-04-30,5,2666,414666.666666
Budget_FY26_v1,2026-05-01,1,3033,473032.258065
Budget_FY26_v1,2026-05-02,1,3033,473032.258065
Budget_FY26_v1,2026-05-03,1,3033,473032.258065
Budget_FY26_v1,2026-05-04,1,3033,473032.258065
Budget_FY26_v1,2026-05-05,1,3033,473032.258065
Budget_FY26_v1,2026-05-06,1,3033,473032.258065
Budget_FY26_v1,2026-05-07,1,3033,473032.258065
Budget_FY26_v1,2026-05-08,1,3033,473032.258065
Budget_FY26_v1,2026-05-09,1,3032,473032.258065
Budget_FY26_v1,2026-05-10,1,3032,473032.258065
Budget_FY26_v1,2026-05-11,1,3032,473032.258065
Budget_FY26_v1,2026-05-12,1,3032,473032.258065
Budget_FY26_v1,2026-05-13,1,3032,473032.258065
Budget_FY26_v1,2026-05-14,1,3032,473032.258065
Budget_FY26_v1,2026-05-15,1,3032,473032.258065
Budget_FY26_v1,2026-05-16,1,3032,473032.258065
Budget_FY26_v1,2026-05-17,1,3032,473032.258064
Budget_FY26_v1,2026-05-18,1,3032,473032.258064
Budget_FY26_v1,2026-05-19,1,3032,473032.258064
Budget_FY26_v1,2026-05-20,1,3032,473032.258064
Budget_FY26_v1,2026-05-21,1,3032,473032.258064
Budget_FY26_v1,2026-05-22,1,3032,473032.258064
Budget_FY26_v1,2026-05-23,1,3032,473032.258064
Budget_FY26_v1,2026-05-24,1,3032,473032.258064
Budget_FY26_v1,2026-05-25,1,3032,473032.258064
Budget_FY26_v1,2026-05-26,1,3032,473032.258064
Budget_FY26_v1,2026-05-27,1,3032,473032.258064
Budget_FY26_v1,2026-05-28,1,3032,473032.258064
Budget_FY26_v1,2026-05-29,1,3032,473032.258064
Budget_FY26_v1,2026-05-30,1,3032,473032.258064
Budget_FY26_v1,2026-05-31,1,3032,473032.258064
Budget_FY26_v1,2026-05-01,2,3033,473032.258065
Budget_FY26_v1,2026-05-02,2,3033,473032.258065
Budget_FY26_v1,2026-05-03,2,3033,473032.258065
Budget_FY26_v1,2026-05-04,2,3033,473032.258065
Budget_FY26_v1,2026-05-05,2,3033,473032.258065
Budget_FY26_v1,2026-05-06,2,3033,473032.258065
Budget_FY26_v1,2026-05-07,2,3033,473032.258065
Budget_FY26_v1,2026-05-08,2,3033,473032.258065
Budget_FY26_v1,2026-05-09,2,3032,473032.258065
Budget_FY26_v1,2026-05-10,2,3032,473032.258065
Budget_FY26_v1,2026-05-11,2,3032,473032.258065
Budget_FY26_v1,2026-05-12,2,3032,473032.258065
Budget_FY26_v1,2026-05-13,2,3032,473032.258065
Budget_FY26_v1,2026-05-14,2,3032,473032.258065
Budget_FY26_v1,2026-05-15,2,3032,473032.258065
Budget_FY26_v1,2026-05-16,2,3032,473032.258065
Budget_FY26_v1,2026-05-17,2,3032,473032.258064
Budget_FY26_v1,2026-05-18,2,3032,473032.258064
Budget_FY26_v1,2026-05-19,2,3032,473032.258064
Budget_FY26_v1,2026-05-20,2,3032,473032.258064
Budget_FY26_v1,2026-05-21,2,3032,473032.258064
Budget_FY26_v1,2026-05-22,2,3032,473032.258064
Budget_FY26_v1,2026-05-23,2,3032,473032.258064
Budget_FY26_v1,2026-05-24,2,3032,473032.258064
Budget_FY26_v1,2026-05-25,2,3032,473032.258064
Budget_FY26_v1,2026-05-26,2,3032,473032.258064
Budget_FY26_v1,2026-05-27,2,3032,473032.258064
Budget_FY26_v1,2026-05-28,2,3032,473032.258064
Budget_FY26_v1,2026-05-29,2,3032,473032.258064
Budget_FY26_v1,2026-05-30,2,3032,473032.258064
Budget_FY26_v1,2026-05-31,2,3032,473032.258064
Budget_FY26_v1,2026-05-01,3,3033,473032.258065
Budget_FY26_v1,2026-05-02,3,3033,473032.258065
Budget_FY26_v1,2026-05-03,3,3033,473032.258065
Budget_FY26_v1,2026-05-04,3,3033,473032.258065
Budget_FY26_v1,2026-05-05,3,3033,473032.258065
Budget_FY26_v1,2026-05-06,3,3033,473032.258065
Budget_FY26_v1,2026-05-07,3,3033,473032.258065
Budget_FY26_v1,2026-05-08,3,3033,473032.258065
Budget_FY26_v1,2026-05-09,3,3032,473032.258065
Budget_FY26_v1,2026-05-10,3,3032,473032.258065
Budget_FY26_v1,2026-05-11,3,3032,473032.258065
Budget_FY26_v1,2026-05-12,3,3032,473032.258065
Budget_FY26_v1,2026-05-13,3,3032,473032.258065
Budget_FY26_v1,2026-05-14,3,3032,473032.258065
Budget_FY26_v1,2026-05-15,3,3032,473032.258065
Budget_FY26_v1,2026-05-16,3,3032,473032.258065
Budget_FY26_v1,2026-05-17,3,3032,473032.258064
Budget_FY26_v1,2026-05-18,3,3032,473032.258064
Budget_FY26_v1,2026-05-19,3,3032,473032.258064
Budget_FY26_v1,2026-05-20,3,3032,473032.258064
Budget_FY26_v1,2026-05-21,3,3032,473032.258064
Budget_FY26_v1,2026-05-22,3,3032,473032.258064
Budget_FY26_v1,2026-05-23,3,3032,473032.258064
Budget_FY26_v1,2026-05-24,3,3032,473032.258064
Budget_FY26_v1,2026-05-25,3,3032,473032.258064
Budget_FY26_v1,2026-05-26,3,3032,473032.258064
Budget_FY26_v1,2026-05-27,3,3032,473032.258064
Budget_FY26_v1,2026-05-28,3,3032,473032.258064
Budget_FY26_v1,2026-05-29,3,3032,473032.258064
Budget_FY26_v1,2026-05-30,3,3032,473032.258064
Budget_FY26_v1,2026-05-31,3,3032,473032.258064
Budget_FY26_v1,2026-05-01,4,3033,473032.258065
Budget_FY26_v1,2026-05-02,4,3033,473032.258065
Budget_FY26_v1,2026-05-03,4,3033,473032.258065
Budget_FY26_v1,2026-05-04,4,3033,473032.258065
Budget_FY26_v1,2026-05-05,4,3033,473032.258065
Budget_FY26_v1,2026-05-06,4,3033,473032.258065
Budget_FY26_v1,2026-05-07,4,3033,473032.258065
Budget_FY26_v1,2026-05-08,4,3033,473032.258065
Budget_FY26_v1,2026-05-09,4,3032,473032.258065
Budget_FY26_v1,2026-05-10,4,3032,473032.258065
Budget_FY26_v1,2026-05-11,4,3032,473032.258065
Budget_FY26_v1,2026-05-12,4,3032,473032.258065
Budget_FY26_v1,2026-05-13,4,3032,473032.258065
Budget_FY26_v1,2026-05-14,4,3032,473032.258065
Budget_FY26_v1,2026-05-15,4,3032,473032.258065
Budget_FY26_v1,2026-05-16,4,3032,473032.258065
Budget_FY26_v1,2026-05-17,4,3032,473032.258064
Budget_FY26_v1,2026-05-18,4,3032,473032.258064
Budget_FY26_v1,2026-05-19,4,3032,473032.258064
Budget_FY26_v1,2026-05-20,4,3032,473032.258064
Budget_FY26_v1,2026-05-21,4,3032,473032.258064
Budget_FY26_v1,2026-05-22,4,3032,473032.258064
Budget_FY26_v1,2026-05-23,4,3032,473032.258064
Budget_FY26_v1,2026-05-24,4,3032,473032.258064
Budget_FY26_v1,2026-05-25,4,3032,473032.258064
Budget_FY26_v1,2026-05-26,4,3032,473032.258064
Budget_FY26_v1,2026-05-27,4,3032,473032.258064
Budget_FY26_v1,2026-05-28,4,3032,473032.258064
Budget_FY26_v1,2026-05-29,4,3032,473032.258064
Budget_FY26_v1,2026-05-30,4,3032,473032.258064
Budget_FY26_v1,2026-05-31,4,3032,473032.258064
Budget_FY26_v1,2026-05-01,5,3033,473032.258065
Budget_FY26_v1,2026-05-02,5,3033,473032.258065
Budget_FY26_v1,2026-05-03,5,3033,473032.258065
Budget_FY26_v1,2026-05-04,5,3033,473032.258065
Budget_FY26_v1,2026-05-05,5,3033,473032.258065
Budget_FY26_v1,2026-05-06,5,3033,473032.258065
Budget_FY26_v1,2026-05-07,5,3033,473032.258065
Budget_FY26_v1,2026-05-08,5,3033,473032.258065
Budget_FY26_v1,2026-05-09,5,3032,473032.258065
Budget_FY26_v1,2026-05-10,5,3032,473032.258065
Budget_FY26_v1,2026-05-11,5,3032,473032.258065
Budget_FY26_v1,2026-05-12,5,3032,473032.258065
Budget_FY26_v1,2026-05-13,5,3032,473032.258065
Budget_FY26_v1,2026-05-14,5,3032,473032.258065
Budget_FY26_v1,2026-05-15,5,3032,473032.258065
Budget_FY26_v1,2026-05-16,5,3032,473032.258065
Budget_FY26_v1,2026-05-17,5,3032,473032.258064
Budget_FY26_v1,2026-05-18,5,3032,473032.258064
Budget_FY26_v1,2026-05-19,5,3032,473032.258064
Budget_FY26_v1,2026-05-20,5,3032,473032.258064
Budget_FY26_v1,2026-05-21,5,3032,473032.258064
Budget_FY26_v1,2026-05-22,5,3032,473032.258064
Budget_FY26_v1,2026-05-23,5,3032,473032.258064
Budget_FY26_v1,2026-05-24,5,3032,473032.258064
Budget_FY26_v1,2026-05-25,5,3032,473032.258064
Budget_FY26_v1,2026-05-26,5,3032,473032.258064
Budget_FY26_v1,2026-05-27,5,3032,473032.258064
Budget_FY26_v1,2026-05-28,5,3032,473032.258064
Budget_FY26_v1,2026-05-29,5,3032,473032.258064
Budget_FY26_v1,2026-05-30,5,3032,473032.258064
Budget_FY26_v1,2026-05-31,5,3032,473032.258064
Budget_FY26_v1,2026-06-01,1,3334,520650.000000
Budget_FY26_v1,2026-06-02,1,3334,520650.000000
Budget_FY26_v1,2026-06-03,1,3334,520650.000000
Budget_FY26_v1,2026-06-04,1,3334,520650.000000
Budget_FY26_v1,2026-06-05,1,3334,520650.000000
Budget_FY26_v1,2026-06-06,1,3334,520650.000000
Budget_FY26_v1,2026-06-07,1,3334,520650.000000
Budget_FY26_v1,2026-06-08,1,3334,520650.000000
Budget_FY26_v1,2026-06-09,1,3334,520650.000000
Budget_FY26_v1,2026-06-10,1,3334,520650.000000
Budget_FY26_v1,2026-06-11,1,3333,520650.000000
Budget_FY26_v1,2026-06-12,1,3333,520650.000000
Budget_FY26_v1,2026-06-13,1,3333,520650.000000
Budget_FY26_v1,2026-06-14,1,3333,520650.000000
Budget_FY26_v1,2026-06-15,1,3333,520650.000000
Budget_FY26_v1,2026-06-16,1,3333,520650.000000
Budget_FY26_v1,2026-06-17,1,3333,520650.000000
Budget_FY26_v1,2026-06-18,1,3333,520650.000000
Budget_FY26_v1,2026-06-19,1,3333,520650.000000
Budget_FY26_v1,2026-06-20,1,3333,520650.000000
Budget_FY26_v1,2026-06-21,1,3333,520650.000000
Budget_FY26_v1,2026-06-22,1,3333,520650.000000
Budget_FY26_v1,2026-06-23,1,3333,520650.000000
Budget_FY26_v1,2026-06-24,1,3333,520650.000000
Budget_FY26_v1,2026-06-25,1,3333,520650.000000
Budget_FY26_v1,2026-06-26,1,3333,520650.000000
Budget_FY26_v1,2026-06-27,1,3333,520650.000000
Budget_FY26_v1,2026-06-28,1,3333,520650.000000
Budget_FY26_v1,2026-06-29,1,3333,520650.000000
Budget_FY26_v1,2026-06-30,1,3333,520650.000000
Budget_FY26_v1,2026-06-01,2,3334,520650.000000
Budget_FY26_v1,2026-06-02,2,3334,520650.000000
Budget_FY26_v1,2026-06-03,2,3334,520650.000000
Budget_FY26_v1,2026-06-04,2,3334,520650.000000
Budget_FY26_v1,2026-06-05,2,3334,520650.000000
Budget_FY26_v1,2026-06-06,2,3334,520650.000000
Budget_FY26_v1,2026-06-07,2,3334,520650.000000
Budget_FY26_v1,2026-06-08,2,3334,520650.000000
Budget_FY26_v1,2026-06-09,2,3334,520650.000000
Budget_FY26_v1,2026-06-10,2,3334,520650.000000
Budget_FY26_v1,2026-06-11,2,3333,520650.000000
Budget_FY26_v1,2026-06-12,2,3333,520650.000000
Budget_FY26_v1,2026-06-13,2,3333,520650.000000
Budget_FY26_v1,2026-06-14,2,3333,520650.000000
Budget_FY26_v1,2026-06-15,2,3333,520650.000000
Budget_FY26_v1,2026-06-16,2,3333,520650.000000
Budget_FY26_v1,2026-06-17,2,3333,520650.000000
Budget_FY26_v1,2026-06-18,2,3333,520650.000000
Budget_FY26_v1,2026-06-19,2,3333,520650.000000
Budget_FY26_v1,2026-06-20,2,3333,520650.000000
Budget_FY26_v1,2026-06-21,2,3333,520650.000000
Budget_FY26_v1,2026-06-22,2,3333,520650.000000
Budget_FY26_v1,2026-06-23,2,3333,520650.000000
Budget_FY26_v1,2026-06-24,2,3333,520650.000000
Budget_FY26_v1,2026-06-25,2,3333,520650.000000
Budget_FY26_v1,2026-06-26,2,3333,520650.000000
Budget_FY26_v1,2026-06-27,2,3333,520650.000000
Budget_FY26_v1,2026-06-28,2,3333,520650.000000
Budget_FY26_v1,2026-06-29,2,3333,520650.000000
Budget_FY26_v1,2026-06-30,2,3333,520650.000000
Budget_FY26_v1,2026-06-01,3,3334,520650.000000
Budget_FY26_v1,2026-06-02,3,3334,520650.000000
Budget_FY26_v1,2026-06-03,3,3334,520650.000000
Budget_FY26_v1,2026-06-04,3,3334,520650.000000
Budget_FY26_v1,2026-06-05,3,3334,520650.000000
Budget_FY26_v1,2026-06-06,3,3334,520650.000000
Budget_FY26_v1,2026-06-07,3,3334,520650.000000
Budget_FY26_v1,2026-06-08,3,3334,520650.000000
Budget_FY26_v1,2026-06-09,3,3334,520650.000000
Budget_FY26_v1,2026-06-10,3,3334,520650.000000
Budget_FY26_v1,2026-06-11,3,3333,520650.000000
Budget_FY26_v1,2026-06-12,3,3333,520650.000000
Budget_FY26_v1,2026-06-13,3,3333,520650.000000
Budget_FY26_v1,2026-06-14,3,3333,520650.000000
Budget_FY26_v1,2026-06-15,3,3333,520650.000000
Budget_FY26_v1,2026-06-16,3,3333,520650.000000
Budget_FY26_v1,2026-06-17,3,3333,520650.000000
Budget_FY26_v1,2026-06-18,3,3333,520650.000000
Budget_FY26_v1,2026-06-19,3,3333,520650.000000
Budget_FY26_v1,2026-06-20,3,3333,520650.000000
Budget_FY26_v1,2026-06-21,3,3333,520650.000000
Budget_FY26_v1,2026-06-22,3,3333,520650.000000
Budget_FY26_v1,2026-06-23,3,3333,520650.000000
Budget_FY26_v1,2026-06-24,3,3333,520650.000000
Budget_FY26_v1,2026-06-25,3,3333,520650.000000
Budget_FY26_v1,2026-06-26,3,3333,520650.000000
Budget_FY26_v1,2026-06-27,3,3333,520650.000000
Budget_FY26_v1,2026-06-28,3,3333,520650.000000
Budget_FY26_v1,2026-06-29,3,3333,520650.000000
Budget_FY26_v1,2026-06-30,3,3333,520650.000000
Budget_FY26_v1,2026-06-01,4,3334,520650.000000
Budget_FY26_v1,2026-06-02,4,3334,520650.000000
Budget_FY26_v1,2026-06-03,4,3334,520650.000000
Budget_FY26_v1,2026-06-04,4,3334,520650.000000
Budget_FY26_v1,2026-06-05,4,3334,520650.000000
Budget_FY26_v1,2026-06-06,4,3334,520650.000000
Budget_FY26_v1,2026-06-07,4,3334,520650.000000
Budget_FY26_v1,2026-06-08,4,3334,520650.000000
Budget_FY26_v1,2026-06-09,4,3334,520650.000000
Budget_FY26_v1,2026-06-10,4,3334,520650.000000
Budget_FY26_v1,2026-06-11,4,3333,520650.000000
Budget_FY26_v1,2026-06-12,4,3333,520650.000000
Budget_FY26_v1,2026-06-13,4,3333,520650.000000
Budget_FY26_v1,2026-06-14,4,3333,520650.000000
Budget_FY26_v1,2026-06-15,4,3333,520650.000000
Budget_FY26_v1,2026-06-16,4,3333,520650.000000
Budget_FY26_v1,2026-06-17,4,3333,520650.000000
Budget_FY26_v1,2026-06-18,4,3333,520650.000000
Budget_FY26_v1,2026-06-19,4,3333,520650.000000
Budget_FY26_v1,2026-06-20,4,3333,520650.000000
Budget_FY26_v1,2026-06-21,4,3333,520650.000000
Budget_FY26_v1,2026-06-22,4,3333,520650.000000
Budget_FY26_v1,2026-06-23,4,3333,520650.000000
Budget_FY26_v1,2026-06-24,4,3333,520650.000000
Budget_FY26_v1,2026-06-25,4,3333,520650.000000
Budget_FY26_v1,2026-06-26,4,3333,520650.000000
Budget_FY26_v1,2026-06-27,4,3333,520650.000000
Budget_FY26_v1,2026-06-28,4,3333,520650.000000
Budget_FY26_v1,2026-06-29,4,3333,520650.000000
Budget_FY26_v1,2026-06-30,4,3333,520650.000000
Budget_FY26_v1,2026-06-01,5,3334,520650.000000
Budget_FY26_v1,2026-06-02,5,3334,520650.000000
Budget_FY26_v1,2026-06-03,5,3334,520650.000000
Budget_FY26_v1,2026-06-04,5,3334,520650.000000
Budget_FY26_v1,2026-06-05,5,3334,520650.000000
Budget_FY26_v1,2026-06-06,5,3334,520650.000000
Budget_FY26_v1,2026-06-07,5,3334,520650.000000
Budget_FY26_v1,2026-06-08,5,3334,520650.000000
Budget_FY26_v1,2026-06-09,5,3334,520650.000000
Budget_FY26_v1,2026-06-10,5,3334,520650.000000
Budget_FY26_v1,2026-06-11,5,3333,520650.000000
Budget_FY26_v1,2026-06-12,5,3333,520650.000000
Budget_FY26_v1,2026-06-13,5,3333,520650.000000
Budget_FY26_v1,2026-06-14,5,3333,520650.000000
Budget_FY26_v1,2026-06-15,5,3333,520650.000000
Budget_FY26_v1,2026-06-16,5,3333,520650.000000
Budget_FY26_v1,2026-06-17,5,3333,520650.000000
Budget_FY26_v1,2026-06-18,5,3333,520650.000000
Budget_FY26_v1,2026-06-19,5,3333,520650.000000
Budget_FY26_v1,2026-06-20,5,3333,520650.000000
Budget_FY26_v1,2026-06-21,5,3333,520650.000000
Budget_FY26_v1,2026-06-22,5,3333,520650.000000
Budget_FY26_v1,2026-06-23,5,3333,520650.000000
Budget_FY26_v1,2026-06-24,5,3333,520650.000000
Budget_FY26_v1,2026-06-25,5,3333,520650.000000
Budget_FY26_v1,2026-06-26,5,3333,520650.000000
Budget_FY26_v1,2026-06-27,5,3333,520650.000000
Budget_FY26_v1,2026-06-28,5,3333,520650.000000
Budget_FY26_v1,2026-06-29,5,3333,520650.000000
Budget_FY26_v1,2026-06-30,5,3333,520650.000000
Budget_FY26_v1,2026-07-01,1,3549,554933.122581
Budget_FY26_v1,2026-07-02,1,3549,554933.122581
Budget_FY26_v1,2026-07-03,1,3549,554933.122581
Budget_FY26_v1,2026-07-04,1,3549,554933.122581
Budget_FY26_v1,2026-07-05,1,3549,554933.122581
Budget_FY26_v1,2026-07-06,1,3549,554933.122581
Budget_FY26_v1,2026-07-07,1,3549,554933.122581
Budget_FY26_v1,2026-07-08,1,3549,554933.122581
Budget_FY26_v1,2026-07-09,1,3549,554933.122581
Budget_FY26_v1,2026-07-10,1,3549,554933.122581
Budget_FY26_v1,2026-07-11,1,3549,554933.122581
Budget_FY26_v1,2026-07-12,1,3549,554933.122581
Budget_FY26_v1,2026-07-13,1,3548,554933.122581
Budget_FY26_v1,2026-07-14,1,3548,554933.122581
Budget_FY26_v1,2026-07-15,1,3548,554933.122581
Budget_FY26_v1,2026-07-16,1,3548,554933.122581
Budget_FY26_v1,2026-07-17,1,3548,554933.122581
Budget_FY26_v1,2026-07-18,1,3548,554933.122581
Budget_FY26_v1,2026-07-19,1,3548,554933.122581
Budget_FY26_v1,2026-07-20,1,3548,554933.122581
Budget_FY26_v1,2026-07-21,1,3548,554933.122580
Budget_FY26_v1,2026-07-22,1,3548,554933.122580
Budget_FY26_v1,2026-07-23,1,3548,554933.122580
Budget_FY26_v1,2026-07-24,1,3548,554933.122580
Budget_FY26_v1,2026-07-25,1,3548,554933.122580
Budget_FY26_v1,2026-07-26,1,3548,554933.122580
Budget_FY26_v1,2026-07-27,1,3548,554933.122580
Budget_FY26_v1,2026-07-28,1,3548,554933.122580
Budget_FY26_v1,2026-07-29,1,3548,554933.122580
Budget_FY26_v1,2026-07-30,1,3548,554933.122580
Budget_FY26_v1,2026-07-31,1,3548,554933.122580
Budget_FY26_v1,2026-07-01,2,3549,554933.122581
Budget_FY26_v1,2026-07-02,2,3549,554933.122581
Budget_FY26_v1,2026-07-03,2,3549,554933.122581
Budget_FY26_v1,2026-07-04,2,3549,554933.122581
Budget_FY26_v1,2026-07-05,2,3549,554933.122581
Budget_FY26_v1,2026-07-06,2,3549,554933.122581
Budget_FY26_v1,2026-07-07,2,3549,554933.122581
Budget_FY26_v1,2026-07-08,2,3549,554933.122581
Budget_FY26_v1,2026-07-09,2,3549,554933.122581
Budget_FY26_v1,2026-07-10,2,3549,554933.122581
Budget_FY26_v1,2026-07-11,2,3549,554933.122581
Budget_FY26_v1,2026-07-12,2,3549,554933.122581
Budget_FY26_v1,2026-07-13,2,3548,554933.122581
Budget_FY26_v1,2026-07-14,2,3548,554933.122581
Budget_FY26_v1,2026-07-15,2,3548,554933.122581
Budget_FY26_v1,2026-07-16,2,3548,554933.122581
Budget_FY26_v1,2026-07-17,2,3548,554933.122581
Budget_FY26_v1,2026-07-18,2,3548,554933.122581
Budget_FY26_v1,2026-07-19,2,3548,554933.122581
Budget_FY26_v1,2026-07-20,2,3548,554933.122581
Budget_FY26_v1,2026-07-21,2,3548,554933.122580
Budget_FY26_v1,2026-07-22,2,3548,554933.122580
Budget_FY26_v1,2026-07-23,2,3548,554933.122580
Budget_FY26_v1,2026-07-24,2,3548,554933.122580
Budget_FY26_v1,2026-07-25,2,3548,554933.122580
Budget_FY26_v1,2026-07-26,2,3548,554933.122580
Budget_FY26_v1,2026-07-27,2,3548,554933.122580
Budget_FY26_v1,2026-07-28,2,3548,554933.122580
Budget_FY26_v1,2026-07-29,2,3548,554933.122580
Budget_FY26_v1,2026-07-30,2,3548,554933.122580
Budget_FY26_v1,2026-07-31,2,3548,554933.122580
Budget_FY26_v1,2026-07-01,3,3549,554933.122581
Budget_FY26_v1,2026-07-02,3,3549,554933.122581
Budget_FY26_v1,2026-07-03,3,3549,554933.122581
Budget_FY26_v1,2026-07-04,3,3549,554933.122581
Budget_FY26_v1,2026-07-05,3,3549,554933.122581
Budget_FY26_v1,2026-07-06,3,3549,554933.122581
Budget_FY26_v1,2026-07-07,3,3549,554933.122581
Budget_FY26_v1,2026-07-08,3,3549,554933.122581
Budget_FY26_v1,2026-07-09,3,3549,554933.122581
Budget_FY26_v1,2026-07-10,3,3549,554933.122581
Budget_FY26_v1,2026-07-11,3,3549,554933.122581
Budget_FY26_v1,2026-07-12,3,3549,554933.122581
Budget_FY26_v1,2026-07-13,3,3548,554933.122581
Budget_FY26_v1,2026-07-14,3,3548,554933.122581
Budget_FY26_v1,2026-07-15,3,3548,554933.122581
Budget_FY26_v1,2026-07-16,3,3548,554933.122581
Budget_FY26_v1,2026-07-17,3,3548,554933.122581
Budget_FY26_v1,2026-07-18,3,3548,554933.122581
Budget_FY26_v1,2026-07-19,3,3548,554933.122581
Budget_FY26_v1,2026-07-20,3,3548,554933.122581
Budget_FY26_v1,2026-07-21,3,3548,554933.122580
Budget_FY26_v1,2026-07-22,3,3548,554933.122580
Budget_FY26_v1,2026-07-23,3,3548,554933.122580
Budget_FY26_v1,2026-07-24,3,3548,554933.122580
Budget_FY26_v1,2026-07-25,3,3548,554933.122580
Budget_FY26_v1,2026-07-26,3,3548,554933.122580
Budget_FY26_v1,2026-07-27,3,3548,554933.122580
Budget_FY26_v1,2026-07-28,3,3548,554933.122580
Budget_FY26_v1,2026-07-29,3,3548,554933.122580
Budget_FY26_v1,2026-07-30,3,3548,554933.122580
Budget_FY26_v1,2026-07-31,3,3548,554933.122580
Budget_FY26_v1,2026-07-01,4,3549,554933.122581
Budget_FY26_v1,2026-07-02,4,3549,554933.122581
Budget_FY26_v1,2026-07-03,4,3549,554933.122581
Budget_FY26_v1,2026-07-04,4,3549,554933.122581
Budget_FY26_v1,2026-07-05,4,3549,554933.122581
Budget_FY26_v1,2026-07-06,4,3549,554933.122581
Budget_FY26_v1,2026-07-07,4,3549,554933.122581
Budget_FY26_v1,2026-07-08,4,3549,554933.122581
Budget_FY26_v1,2026-07-09,4,3549,554933.122581
Budget_FY26_v1,2026-07-10,4,3549,554933.122581
Budget_FY26_v1,2026-07-11,4,3549,554933.122581
Budget_FY26_v1,2026-07-12,4,3549,554933.122581
Budget_FY26_v1,2026-07-13,4,3548,554933.122581
Budget_FY26_v1,2026-07-14,4,3548,554933.122581
Budget_FY26_v1,2026-07-15,4,3548,554933.122581
Budget_FY26_v1,2026-07-16,4,3548,554933.122581
Budget_FY26_v1,2026-07-17,4,3548,554933.122581
Budget_FY26_v1,2026-07-18,4,3548,554933.122581
Budget_FY26_v1,2026-07-19,4,3548,554933.122581
Budget_FY26_v1,2026-07-20,4,3548,554933.122581
Budget_FY26_v1,2026-07-21,4,3548,554933.122580
Budget_FY26_v1,2026-07-22,4,3548,554933.122580
Budget_FY26_v1,2026-07-23,4,3548,554933.122580
Budget_FY26_v1,2026-07-24,4,3548,554933.122580
Budget_FY26_v1,2026-07-25,4,3548,554933.122580
Budget_FY26_v1,2026-07-26,4,3548,554933.122580
Budget_FY26_v1,2026-07-27,4,3548,554933.122580
Budget_FY26_v1,2026-07-28,4,3548,554933.122580
Budget_FY26_v1,2026-07-29,4,3548,554933.122580
Budget_FY26_v1,2026-07-30,4,3548,554933.122580
Budget_FY26_v1,2026-07-31,4,3548,554933.122580
Budget_FY26_v1,2026-07-01,5,3549,554933.122581
Budget_FY26_v1,2026-07-02,5,3549,554933.122581
Budget_FY26_v1,2026-07-03,5,3549,554933.122581
Budget_FY26_v1,2026-07-04,5,3549,554933.122581
Budget_FY26_v1,2026-07-05,5,3549,554933.122581
Budget_FY26_v1,2026-07-06,5,3549,554933.122581
Budget_FY26_v1,2026-07-07,5,3549,554933.122581
Budget_FY26_v1,2026-07-08,5,3549,554933.122581
Budget_FY26_v1,2026-07-09,5,3549,554933.122581
Budget_FY26_v1,2026-07-10,5,3549,554933.122581
Budget_FY26_v1,2026-07-11,5,3549,554933.122581
Budget_FY26_v1,2026-07-12,5,3549,554933.122581
Budget_FY26_v1,2026-07-13,5,3548,554933.122581
Budget_FY26_v1,2026-07-14,5,3548,554933.122581
Budget_FY26_v1,2026-07-15,5,3548,554933.122581
Budget_FY26_v1,2026-07-16,5,3548,554933.122581
Budget_FY26_v1,2026-07-17,5,3548,554933.122581
Budget_FY26_v1,2026-07-18,5,3548,554933.122581
Budget_FY26_v1,2026-07-19,5,3548,554933.122581
Budget_FY26_v1,2026-07-20,5,3548,554933.122581
Budget_FY26_v1,2026-07-21,5,3548,554933.122580
Budget_FY26_v1,2026-07-22,5,3548,554933.122580
Budget_FY26_v1,2026-07-23,5,3548,554933.122580
Budget_FY26_v1,2026-07-24,5,3548,554933.122580
Budget_FY26_v1,2026-07-25,5,3548,554933.122580
Budget_FY26_v1,2026-07-26,5,3548,554933.122580
Budget_FY26_v1,2026-07-27,5,3548,554933.122580
Budget_FY26_v1,2026-07-28,5,3548,554933.122580
Budget_FY26_v1,2026-07-29,5,3548,554933.122580
Budget_FY26_v1,2026-07-30,5,3548,554933.122580
Budget_FY26_v1,2026-07-31,5,3548,554933.122580
Budget_FY26_v1,2026-08-01,1,3871,606138.316130
Budget_FY26_v1,2026-08-02,1,3871,606138.316129
Budget_FY26_v1,2026-08-03,1,3871,606138.316129
Budget_FY26_v1,2026-08-04,1,3871,606138.316129
Budget_FY26_v1,2026-08-05,1,3871,606138.316129
Budget_FY26_v1,2026-08-06,1,3871,606138.316129
Budget_FY26_v1,2026-08-07,1,3871,606138.316129
Budget_FY26_v1,2026-08-08,1,3871,606138.316129
Budget_FY26_v1,2026-08-09,1,3871,606138.316129
Budget_FY26_v1,2026-08-10,1,3871,606138.316129
Budget_FY26_v1,2026-08-11,1,3871,606138.316129
Budget_FY26_v1,2026-08-12,1,3871,606138.316129
Budget_FY26_v1,2026-08-13,1,3871,606138.316129
Budget_FY26_v1,2026-08-14,1,3871,606138.316129
Budget_FY26_v1,2026-08-15,1,3871,606138.316129
Budget_FY26_v1,2026-08-16,1,3871,606138.316129
Budget_FY26_v1,2026-08-17,1,3871,606138.316129
Budget_FY26_v1,2026-08-18,1,3871,606138.316129
Budget_FY26_v1,2026-08-19,1,3871,606138.316129
Budget_FY26_v1,2026-08-20,1,3871,606138.316129
Budget_FY26_v1,2026-08-21,1,3871,606138.316129
Budget_FY26_v1,2026-08-22,1,3871,606138.316129
Budget_FY26_v1,2026-08-23,1,3871,606138.316129
Budget_FY26_v1,2026-08-24,1,3871,606138.316129
Budget_FY26_v1,2026-08-25,1,3871,606138.316129
Budget_FY26_v1,2026-08-26,1,3871,606138.316129
Budget_FY26_v1,2026-08-27,1,3871,606138.316129
Budget_FY26_v1,2026-08-28,1,3871,606138.316129
Budget_FY26_v1,2026-08-29,1,3871,606138.316129
Budget_FY26_v1,2026-08-30,1,3871,606138.316129
Budget_FY26_v1,2026-08-31,1,3870,606138.316129
Budget_FY26_v1,2026-08-01,2,3871,606138.316130
Budget_FY26_v1,2026-08-02,2,3871,606138.316129
Budget_FY26_v1,2026-08-03,2,3871,606138.316129
Budget_FY26_v1,2026-08-04,2,3871,606138.316129
Budget_FY26_v1,2026-08-05,2,3871,606138.316129
Budget_FY26_v1,2026-08-06,2,3871,606138.316129
Budget_FY26_v1,2026-08-07,2,3871,606138.316129
Budget_FY26_v1,2026-08-08,2,3871,606138.316129
Budget_FY26_v1,2026-08-09,2,3871,606138.316129
Budget_FY26_v1,2026-08-10,2,3871,606138.316129
Budget_FY26_v1,2026-08-11,2,3871,606138.316129
Budget_FY26_v1,2026-08-12,2,3871,606138.316129
Budget_FY26_v1,2026-08-13,2,3871,606138.316129
Budget_FY26_v1,2026-08-14,2,3871,606138.316129
Budget_FY26_v1,2026-08-15,2,3871,606138.316129
Budget_FY26_v1,2026-08-16,2,3871,606138.316129
Budget_FY26_v1,2026-08-17,2,3871,606138.316129
Budget_FY26_v1,2026-08-18,2,3871,606138.316129
Budget_FY26_v1,2026-08-19,2,3871,606138.316129
Budget_FY26_v1,2026-08-20,2,3871,606138.316129
Budget_FY26_v1,2026-08-21,2,3871,606138.316129
Budget_FY26_v1,2026-08-22,2,3871,606138.316129
Budget_FY26_v1,2026-08-23,2,3871,606138.316129
Budget_FY26_v1,2026-08-24,2,3871,606138.316129
Budget_FY26_v1,2026-08-25,2,3871,606138.316129
Budget_FY26_v1,2026-08-26,2,3871,606138.316129
Budget_FY26_v1,2026-08-27,2,3871,606138.316129
Budget_FY26_v1,2026-08-28,2,3871,606138.316129
Budget_FY26_v1,2026-08-29,2,3871,606138.316129
Budget_FY26_v1,2026-08-30,2,3871,606138.316129
Budget_FY26_v1,2026-08-31,2,3870,606138.316129
Budget_FY26_v1,2026-08-01,3,3871,606138.316130
Budget_FY26_v1,2026-08-02,3,3871,606138.316129
Budget_FY26_v1,2026-08-03,3,3871,606138.316129
Budget_FY26_v1,2026-08-04,3,3871,606138.316129
Budget_FY26_v1,2026-08-05,3,3871,606138.316129
Budget_FY26_v1,2026-08-06,3,3871,606138.316129
Budget_FY26_v1,2026-08-07,3,3871,606138.316129
Budget_FY26_v1,2026-08-08,3,3871,606138.316129
Budget_FY26_v1,2026-08-09,3,3871,606138.316129
Budget_FY26_v1,2026-08-10,3,3871,606138.316129
Budget_FY26_v1,2026-08-11,3,3871,606138.316129
Budget_FY26_v1,2026-08-12,3,3871,606138.316129
Budget_FY26_v1,2026-08-13,3,3871,606138.316129
Budget_FY26_v1,2026-08-14,3,3871,606138.316129
Budget_FY26_v1,2026-08-15,3,3871,606138.316129
Budget_FY26_v1,2026-08-16,3,3871,606138.316129
Budget_FY26_v1,2026-08-17,3,3871,606138.316129
Budget_FY26_v1,2026-08-18,3,3871,606138.316129
Budget_FY26_v1,2026-08-19,3,3871,606138.316129
Budget_FY26_v1,2026-08-20,3,3871,606138.316129
Budget_FY26_v1,2026-08-21,3,3871,606138.316129
Budget_FY26_v1,2026-08-22,3,3871,606138.316129
Budget_FY26_v1,2026-08-23,3,3871,606138.316129
Budget_FY26_v1,2026-08-24,3,3871,606138.316129
Budget_FY26_v1,2026-08-25,3,3871,606138.316129
Budget_FY26_v1,2026-08-26,3,3871,606138.316129
Budget_FY26_v1,2026-08-27,3,3871,606138.316129
Budget_FY26_v1,2026-08-28,3,3871,606138.316129
Budget_FY26_v1,2026-08-29,3,3871,606138.316129
Budget_FY26_v1,2026-08-30,3,3871,606138.316129
Budget_FY26_v1,2026-08-31,3,3870,606138.316129
Budget_FY26_v1,2026-08-01,4,3871,606138.316130
Budget_FY26_v1,2026-08-02,4,3871,606138.316129
Budget_FY26_v1,2026-08-03,4,3871,606138.316129
Budget_FY26_v1,2026-08-04,4,3871,606138.316129
Budget_FY26_v1,2026-08-05,4,3871,606138.316129
Budget_FY26_v1,2026-08-06,4,3871,606138.316129
Budget_FY26_v1,2026-08-07,4,3871,606138.316129
Budget_FY26_v1,2026-08-08,4,3871,606138.316129
Budget_FY26_v1,2026-08-09,4,3871,606138.316129
Budget_FY26_v1,2026-08-10,4,3871,606138.316129
Budget_FY26_v1,2026-08-11,4,3871,606138.316129
Budget_FY26_v1,2026-08-12,4,3871,606138.316129
Budget_FY26_v1,2026-08-13,4,3871,606138.316129
Budget_FY26_v1,2026-08-14,4,3871,606138.316129
Budget_FY26_v1,2026-08-15,4,3871,606138.316129
Budget_FY26_v1,2026-08-16,4,3871,606138.316129
Budget_FY26_v1,2026-08-17,4,3871,606138.316129
Budget_FY26_v1,2026-08-18,4,3871,606138.316129
Budget_FY26_v1,2026-08-19,4,3871,606138.316129
Budget_FY26_v1,2026-08-20,4,3871,606138.316129
Budget_FY26_v1,2026-08-21,4,3871,606138.316129
Budget_FY26_v1,2026-08-22,4,3871,606138.316129
Budget_FY26_v1,2026-08-23,4,3871,606138.316129
Budget_FY26_v1,2026-08-24,4,3871,606138.316129
Budget_FY26_v1,2026-08-25,4,3871,606138.316129
Budget_FY26_v1,2026-08-26,4,3871,606138.316129
Budget_FY26_v1,2026-08-27,4,3871,606138.316129
Budget_FY26_v1,2026-08-28,4,3871,606138.316129
Budget_FY26_v1,2026-08-29,4,3871,606138.316129
Budget_FY26_v1,2026-08-30,4,3871,606138.316129
Budget_FY26_v1,2026-08-31,4,3870,606138.316129
Budget_FY26_v1,2026-08-01,5,3871,606138.316130
Budget_FY26_v1,2026-08-02,5,3871,606138.316129
Budget_FY26_v1,2026-08-03,5,3871,606138.316129
Budget_FY26_v1,2026-08-04,5,3871,606138.316129
Budget_FY26_v1,2026-08-05,5,3871,606138.316129
Budget_FY26_v1,2026-08-06,5,3871,606138.316129
Budget_FY26_v1,2026-08-07,5,3871,606138.316129
Budget_FY26_v1,2026-08-08,5,3871,606138.316129
Budget_FY26_v1,2026-08-09,5,3871,606138.316129
Budget_FY26_v1,2026-08-10,5,3871,606138.316129
Budget_FY26_v1,2026-08-11,5,3871,606138.316129
Budget_FY26_v1,2026-08-12,5,3871,606138.316129
Budget_FY26_v1,2026-08-13,5,3871,606138.316129
Budget_FY26_v1,2026-08-14,5,3871,606138.316129
Budget_FY26_v1,2026-08-15,5,3871,606138.316129
Budget_FY26_v1,2026-08-16,5,3871,606138.316129
Budget_FY26_v1,2026-08-17,5,3871,606138.316129
Budget_FY26_v1,2026-08-18,5,3871,606138.316129
Budget_FY26_v1,2026-08-19,5,3871,606138.316129
Budget_FY26_v1,2026-08-20,5,3871,606138.316129
Budget_FY26_v1,2026-08-21,5,3871,606138.316129
Budget_FY26_v1,2026-08-22,5,3871,606138.316129
Budget_FY26_v1,2026-08-23,5,3871,606138.316129
Budget_FY26_v1,2026-08-24,5,3871,606138.316129
Budget_FY26_v1,2026-08-25,5,3871,606138.316129
Budget_FY26_v1,2026-08-26,5,3871,606138.316129
Budget_FY26_v1,2026-08-27,5,3871,606138.316129
Budget_FY26_v1,2026-08-28,5,3871,606138.316129
Budget_FY26_v1,2026-08-29,5,3871,606138.316129
Budget_FY26_v1,2026-08-30,5,3871,606138.316129
Budget_FY26_v1,2026-08-31,5,3870,606138.316129
Budget_FY26_v1,2026-09-01,1,4334,679386.340000
Budget_FY26_v1,2026-09-02,1,4334,679386.340000
Budget_FY26_v1,2026-09-03,1,4334,679386.340000
Budget_FY26_v1,2026-09-04,1,4334,679386.340000
Budget_FY26_v1,2026-09-05,1,4334,679386.340000
Budget_FY26_v1,2026-09-06,1,4334,679386.340000
Budget_FY26_v1,2026-09-07,1,4334,679386.340000
Budget_FY26_v1,2026-09-08,1,4334,679386.340000
Budget_FY26_v1,2026-09-09,1,4334,679386.340000
Budget_FY26_v1,2026-09-10,1,4334,679386.340000
Budget_FY26_v1,2026-09-11,1,4333,679386.340000
Budget_FY26_v1,2026-09-12,1,4333,679386.340000
Budget_FY26_v1,2026-09-13,1,4333,679386.340000
Budget_FY26_v1,2026-09-14,1,4333,679386.340000
Budget_FY26_v1,2026-09-15,1,4333,679386.340000
Budget_FY26_v1,2026-09-16,1,4333,679386.340000
Budget_FY26_v1,2026-09-17,1,4333,679386.340000
Budget_FY26_v1,2026-09-18,1,4333,679386.340000
Budget_FY26_v1,2026-09-19,1,4333,679386.340000
Budget_FY26_v1,2026-09-20,1,4333,679386.340000
Budget_FY26_v1,2026-09-21,1,4333,679386.340000
Budget_FY26_v1,2026-09-22,1,4333,679386.340000
Budget_FY26_v1,2026-09-23,1,4333,679386.340000
Budget_FY26_v1,2026-09-24,1,4333,679386.340000
Budget_FY26_v1,2026-09-25,1,4333,679386.340000
Budget_FY26_v1,2026-09-26,1,4333,679386.340000
Budget_FY26_v1,2026-09-27,1,4333,679386.340000
Budget_FY26_v1,2026-09-28,1,4333,679386.340000
Budget_FY26_v1,2026-09-29,1,4333,679386.340000
Budget_FY26_v1,2026-09-30,1,4333,679386.340000
Budget_FY26_v1,2026-09-01,2,4334,679386.340000
Budget_FY26_v1,2026-09-02,2,4334,679386.340000
Budget_FY26_v1,2026-09-03,2,4334,679386.340000
Budget_FY26_v1,2026-09-04,2,4334,679386.340000
Budget_FY26_v1,2026-09-05,2,4334,679386.340000
Budget_FY26_v1,2026-09-06,2,4334,679386.340000
Budget_FY26_v1,2026-09-07,2,4334,679386.340000
Budget_FY26_v1,2026-09-08,2,4334,679386.340000
Budget_FY26_v1,2026-09-09,2,4334,679386.340000
Budget_FY26_v1,2026-09-10,2,4334,679386.340000
Budget_FY26_v1,2026-09-11,2,4333,679386.340000
Budget_FY26_v1,2026-09-12,2,4333,679386.340000
Budget_FY26_v1,2026-09-13,2,4333,679386.340000
Budget_FY26_v1,2026-09-14,2,4333,679386.340000
Budget_FY26_v1,2026-09-15,2,4333,679386.340000
Budget_FY26_v1,2026-09-16,2,4333,679386.340000
Budget_FY26_v1,2026-09-17,2,4333,679386.340000
Budget_FY26_v1,2026-09-18,2,4333,679386.340000
Budget_FY26_v1,2026-09-19,2,4333,679386.340000
Budget_FY26_v1,2026-09-20,2,4333,679386.340000
Budget_FY26_v1,2026-09-21,2,4333,679386.340000
Budget_FY26_v1,2026-09-22,2,4333,679386.340000
Budget_FY26_v1,2026-09-23,2,4333,679386.340000
Budget_FY26_v1,2026-09-24,2,4333,679386.340000
Budget_FY26_v1,2026-09-25,2,4333,679386.340000
Budget_FY26_v1,2026-09-26,2,4333,679386.340000
Budget_FY26_v1,2026-09-27,2,4333,679386.340000
Budget_FY26_v1,2026-09-28,2,4333,679386.340000
Budget_FY26_v1,2026-09-29,2,4333,679386.340000
Budget_FY26_v1,2026-09-30,2,4333,679386.340000
Budget_FY26_v1,2026-09-01,3,4334,679386.340000
Budget_FY26_v1,2026-09-02,3,4334,679386.340000
Budget_FY26_v1,2026-09-03,3,4334,679386.340000
Budget_FY26_v1,2026-09-04,3,4334,679386.340000
Budget_FY26_v1,2026-09-05,3,4334,679386.340000
Budget_FY26_v1,2026-09-06,3,4334,679386.340000
Budget_FY26_v1,2026-09-07,3,4334,679386.340000
Budget_FY26_v1,2026-09-08,3,4334,679386.340000
Budget_FY26_v1,2026-09-09,3,4334,679386.340000
Budget_FY26_v1,2026-09-10,3,4334,679386.340000
Budget_FY26_v1,2026-09-11,3,4333,679386.340000
Budget_FY26_v1,2026-09-12,3,4333,679386.340000
Budget_FY26_v1,2026-09-13,3,4333,679386.340000
Budget_FY26_v1,2026-09-14,3,4333,679386.340000
Budget_FY26_v1,2026-09-15,3,4333,679386.340000
Budget_FY26_v1,2026-09-16,3,4333,679386.340000
Budget_FY26_v1,2026-09-17,3,4333,679386.340000
Budget_FY26_v1,2026-09-18,3,4333,679386.340000
Budget_FY26_v1,2026-09-19,3,4333,679386.340000
Budget_FY26_v1,2026-09-20,3,4333,679386.340000
Budget_FY26_v1,2026-09-21,3,4333,679386.340000
Budget_FY26_v1,2026-09-22,3,4333,679386.340000
Budget_FY26_v1,2026-09-23,3,4333,679386.340000
Budget_FY26_v1,2026-09-24,3,4333,679386.340000
Budget_FY26_v1,2026-09-25,3,4333,679386.340000
Budget_FY26_v1,2026-09-26,3,4333,679386.340000
Budget_FY26_v1,2026-09-27,3,4333,679386.340000
Budget_FY26_v1,2026-09-28,3,4333,679386.340000
Budget_FY26_v1,2026-09-29,3,4333,679386.340000
Budget_FY26_v1,2026-09-30,3,4333,679386.340000
Budget_FY26_v1,2026-09-01,4,4334,679386.340000
Budget_FY26_v1,2026-09-02,4,4334,679386.340000
Budget_FY26_v1,2026-09-03,4,4334,679386.340000
Budget_FY26_v1,2026-09-04,4,4334,679386.340000
Budget_FY26_v1,2026-09-05,4,4334,679386.340000
Budget_FY26_v1,2026-09-06,4,4334,679386.340000
Budget_FY26_v1,2026-09-07,4,4334,679386.340000
Budget_FY26_v1,2026-09-08,4,4334,679386.340000
Budget_FY26_v1,2026-09-09,4,4334,679386.340000
Budget_FY26_v1,2026-09-10,4,4334,679386.340000
Budget_FY26_v1,2026-09-11,4,4333,679386.340000
Budget_FY26_v1,2026-09-12,4,4333,679386.340000
Budget_FY26_v1,2026-09-13,4,4333,679386.340000
Budget_FY26_v1,2026-09-14,4,4333,679386.340000
Budget_FY26_v1,2026-09-15,4,4333,679386.340000
Budget_FY26_v1,2026-09-16,4,4333,679386.340000
Budget_FY26_v1,2026-09-17,4,4333,679386.340000
Budget_FY26_v1,2026-09-18,4,4333,679386.340000
Budget_FY26_v1,2026-09-19,4,4333,679386.340000
Budget_FY26_v1,2026-09-20,4,4333,679386.340000
Budget_FY26_v1,2026-09-21,4,4333,679386.340000
Budget_FY26_v1,2026-09-22,4,4333,679386.340000
Budget_FY26_v1,2026-09-23,4,4333,679386.340000
Budget_FY26_v1,2026-09-24,4,4333,679386.340000
Budget_FY26_v1,2026-09-25,4,4333,679386.340000
Budget_FY26_v1,2026-09-26,4,4333,679386.340000
Budget_FY26_v1,2026-09-27,4,4333,679386.340000
Budget_FY26_v1,2026-09-28,4,4333,679386.340000
Budget_FY26_v1,2026-09-29,4,4333,679386.340000
Budget_FY26_v1,2026-09-30,4,4333,679386.340000
Budget_FY26_v1,2026-09-01,5,4334,679386.340000
Budget_FY26_v1,2026-09-02,5,4334,679386.340000
Budget_FY26_v1,2026-09-03,5,4334,679386.340000
Budget_FY26_v1,2026-09-04,5,4334,679386.340000
Budget_FY26_v1,2026-09-05,5,4334,679386.340000
Budget_FY26_v1,2026-09-06,5,4334,679386.340000
Budget_FY26_v1,2026-09-07,5,4334,679386.340000
Budget_FY26_v1,2026-09-08,5,4334,679386.340000
Budget_FY26_v1,2026-09-09,5,4334,679386.340000
Budget_FY26_v1,2026-09-10,5,4334,679386.340000
Budget_FY26_v1,2026-09-11,5,4333,679386.340000
Budget_FY26_v1,2026-09-12,5,4333,679386.340000
Budget_FY26_v1,2026-09-13,5,4333,679386.340000
Budget_FY26_v1,2026-09-14,5,4333,679386.340000
Budget_FY26_v1,2026-09-15,5,4333,679386.340000
Budget_FY26_v1,2026-09-16,5,4333,679386.340000
Budget_FY26_v1,2026-09-17,5,4333,679386.340000
Budget_FY26_v1,2026-09-18,5,4333,679386.340000
Budget_FY26_v1,2026-09-19,5,4333,679386.340000
Budget_FY26_v1,2026-09-20,5,4333,679386.340000
Budget_FY26_v1,2026-09-21,5,4333,679386.340000
Budget_FY26_v1,2026-09-22,5,4333,679386.340000
Budget_FY26_v1,2026-09-23,5,4333,679386.340000
Budget_FY26_v1,2026-09-24,5,4333,679386.340000
Budget_FY26_v1,2026-09-25,5,4333,679386.340000
Budget_FY26_v1,2026-09-26,5,4333,679386.340000
Budget_FY26_v1,2026-09-27,5,4333,679386.340000
Budget_FY26_v1,2026-09-28,5,4333,679386.340000
Budget_FY26_v1,2026-09-29,5,4333,679386.340000
Budget_FY26_v1,2026-09-30,5,4333,679386.340000
Budget_FY26_v1,2026-10-01,1,4517,708930.374194
Budget_FY26_v1,2026-10-02,1,4517,708930.374194
Budget_FY26_v1,2026-10-03,1,4517,708930.374194
Budget_FY26_v1,2026-10-04,1,4517,708930.374194
Budget_FY26_v1,2026-10-05,1,4516,708930.374194
Budget_FY26_v1,2026-10-06,1,4516,708930.374194
Budget_FY26_v1,2026-10-07,1,4516,708930.374194
Budget_FY26_v1,2026-10-08,1,4516,708930.374194
Budget_FY26_v1,2026-10-09,1,4516,708930.374194
Budget_FY26_v1,2026-10-10,1,4516,708930.374194
Budget_FY26_v1,2026-10-11,1,4516,708930.374194
Budget_FY26_v1,2026-10-12,1,4516,708930.374194
Budget_FY26_v1,2026-10-13,1,4516,708930.374194
Budget_FY26_v1,2026-10-14,1,4516,708930.374194
Budget_FY26_v1,2026-10-15,1,4516,708930.374194
Budget_FY26_v1,2026-10-16,1,4516,708930.374194
Budget_FY26_v1,2026-10-17,1,4516,708930.374194
Budget_FY26_v1,2026-10-18,1,4516,708930.374193
Budget_FY26_v1,2026-10-19,1,4516,708930.374193
Budget_FY26_v1,2026-10-20,1,4516,708930.374193
Budget_FY26_v1,2026-10-21,1,4516,708930.374193
Budget_FY26_v1,2026-10-22,1,4516,708930.374193
Budget_FY26_v1,2026-10-23,1,4516,708930.374193
Budget_FY26_v1,2026-10-24,1,4516,708930.374193
Budget_FY26_v1,2026-10-25,1,4516,708930.374193
Budget_FY26_v1,2026-10-26,1,4516,708930.374193
Budget_FY26_v1,2026-10-27,1,4516,708930.374193
Budget_FY26_v1,2026-10-28,1,4516,708930.374193
Budget_FY26_v1,2026-10-29,1,4516,708930.374193
Budget_FY26_v1,2026-10-30,1,4516,708930.374193
Budget_FY26_v1,2026-10-31,1,4516,708930.374193
Budget_FY26_v1,2026-10-01,2,4517,708930.374194
Budget_FY26_v1,2026-10-02,2,4517,708930.374194
Budget_FY26_v1,2026-10-03,2,4517,708930.374194
Budget_FY26_v1,2026-10-04,2,4517,708930.374194
Budget_FY26_v1,2026-10-05,2,4516,708930.374194
Budget_FY26_v1,2026-10-06,2,4516,708930.374194
Budget_FY26_v1,2026-10-07,2,4516,708930.374194
Budget_FY26_v1,2026-10-08,2,4516,708930.374194
Budget_FY26_v1,2026-10-09,2,4516,708930.374194
Budget_FY26_v1,2026-10-10,2,4516,708930.374194
Budget_FY26_v1,2026-10-11,2,4516,708930.374194
Budget_FY26_v1,2026-10-12,2,4516,708930.374194
Budget_FY26_v1,2026-10-13,2,4516,708930.374194
Budget_FY26_v1,2026-10-14,2,4516,708930.374194
Budget_FY26_v1,2026-10-15,2,4516,708930.374194
Budget_FY26_v1,2026-10-16,2,4516,708930.374194
Budget_FY26_v1,2026-10-17,2,4516,708930.374194
Budget_FY26_v1,2026-10-18,2,4516,708930.374193
Budget_FY26_v1,2026-10-19,2,4516,708930.374193
Budget_FY26_v1,2026-10-20,2,4516,708930.374193
Budget_FY26_v1,2026-10-21,2,4516,708930.374193
Budget_FY26_v1,2026-10-22,2,4516,708930.374193
Budget_FY26_v1,2026-10-23,2,4516,708930.374193
Budget_FY26_v1,2026-10-24,2,4516,708930.374193
Budget_FY26_v1,2026-10-25,2,4516,708930.374193
Budget_FY26_v1,2026-10-26,2,4516,708930.374193
Budget_FY26_v1,2026-10-27,2,4516,708930.374193
Budget_FY26_v1,2026-10-28,2,4516,708930.374193
Budget_FY26_v1,2026-10-29,2,4516,708930.374193
Budget_FY26_v1,2026-10-30,2,4516,708930.374193
Budget_FY26_v1,2026-10-31,2,4516,708930.374193
Budget_FY26_v1,2026-10-01,3,4517,708930.374194
Budget_FY26_v1,2026-10-02,3,4517,708930.374194
Budget_FY26_v1,2026-10-03,3,4517,708930.374194
Budget_FY26_v1,2026-10-04,3,4517,708930.374194
Budget_FY26_v1,2026-10-05,3,4516,708930.374194
Budget_FY26_v1,2026-10-06,3,4516,708930.374194
Budget_FY26_v1,2026-10-07,3,4516,708930.374194
Budget_FY26_v1,2026-10-08,3,4516,708930.374194
Budget_FY26_v1,2026-10-09,3,4516,708930.374194
Budget_FY26_v1,2026-10-10,3,4516,708930.374194
Budget_FY26_v1,2026-10-11,3,4516,708930.374194
Budget_FY26_v1,2026-10-12,3,4516,708930.374194
Budget_FY26_v1,2026-10-13,3,4516,708930.374194
Budget_FY26_v1,2026-10-14,3,4516,708930.374194
Budget_FY26_v1,2026-10-15,3,4516,708930.374194
Budget_FY26_v1,2026-10-16,3,4516,708930.374194
Budget_FY26_v1,2026-10-17,3,4516,708930.374194
Budget_FY26_v1,2026-10-18,3,4516,708930.374193
Budget_FY26_v1,2026-10-19,3,4516,708930.374193
Budget_FY26_v1,2026-10-20,3,4516,708930.374193
Budget_FY26_v1,2026-10-21,3,4516,708930.374193
Budget_FY26_v1,2026-10-22,3,4516,708930.374193
Budget_FY26_v1,2026-10-23,3,4516,708930.374193
Budget_FY26_v1,2026-10-24,3,4516,708930.374193
Budget_FY26_v1,2026-10-25,3,4516,708930.374193
Budget_FY26_v1,2026-10-26,3,4516,708930.374193
Budget_FY26_v1,2026-10-27,3,4516,708930.374193
Budget_FY26_v1,2026-10-28,3,4516,708930.374193
Budget_FY26_v1,2026-10-29,3,4516,708930.374193
Budget_FY26_v1,2026-10-30,3,4516,708930.374193
Budget_FY26_v1,2026-10-31,3,4516,708930.374193
Budget_FY26_v1,2026-10-01,4,4517,708930.374194
Budget_FY26_v1,2026-10-02,4,4517,708930.374194
Budget_FY26_v1,2026-10-03,4,4517,708930.374194
Budget_FY26_v1,2026-10-04,4,4517,708930.374194
Budget_FY26_v1,2026-10-05,4,4516,708930.374194
Budget_FY26_v1,2026-10-06,4,4516,708930.374194
Budget_FY26_v1,2026-10-07,4,4516,708930.374194
Budget_FY26_v1,2026-10-08,4,4516,708930.374194
Budget_FY26_v1,2026-10-09,4,4516,708930.374194
Budget_FY26_v1,2026-10-10,4,4516,708930.374194
Budget_FY26_v1,2026-10-11,4,4516,708930.374194
Budget_FY26_v1,2026-10-12,4,4516,708930.374194
Budget_FY26_v1,2026-10-13,4,4516,708930.374194
Budget_FY26_v1,2026-10-14,4,4516,708930.374194
Budget_FY26_v1,2026-10-15,4,4516,708930.374194
Budget_FY26_v1,2026-10-16,4,4516,708930.374194
Budget_FY26_v1,2026-10-17,4,4516,708930.374194
Budget_FY26_v1,2026-10-18,4,4516,708930.374193
Budget_FY26_v1,2026-10-19,4,4516,708930.374193
Budget_FY26_v1,2026-10-20,4,4516,708930.374193
Budget_FY26_v1,2026-10-21,4,4516,708930.374193
Budget_FY26_v1,2026-10-22,4,4516,708930.374193
Budget_FY26_v1,2026-10-23,4,4516,708930.374193
Budget_FY26_v1,2026-10-24,4,4516,708930.374193
Budget_FY26_v1,2026-10-25,4,4516,708930.374193
Budget_FY26_v1,2026-10-26,4,4516,708930.374193
Budget_FY26_v1,2026-10-27,4,4516,708930.374193
Budget_FY26_v1,2026-10-28,4,4516,708930.374193
Budget_FY26_v1,2026-10-29,4,4516,708930.374193
Budget_FY26_v1,2026-10-30,4,4516,708930.374193
Budget_FY26_v1,2026-10-31,4,4516,708930.374193
Budget_FY26_v1,2026-10-01,5,4517,708930.374194
Budget_FY26_v1,2026-10-02,5,4517,708930.374194
Budget_FY26_v1,2026-10-03,5,4517,708930.374194
Budget_FY26_v1,2026-10-04,5,4517,708930.374194
Budget_FY26_v1,2026-10-05,5,4516,708930.374194
Budget_FY26_v1,2026-10-06,5,4516,708930.374194
Budget_FY26_v1,2026-10-07,5,4516,708930.374194
Budget_FY26_v1,2026-10-08,5,4516,708930.374194
Budget_FY26_v1,2026-10-09,5,4516,708930.374194
Budget_FY26_v1,2026-10-10,5,4516,708930.374194
Budget_FY26_v1,2026-10-11,5,4516,708930.374194
Budget_FY26_v1,2026-10-12,5,4516,708930.374194
Budget_FY26_v1,2026-10-13,5,4516,708930.374194
Budget_FY26_v1,2026-10-14,5,4516,708930.374194
Budget_FY26_v1,2026-10-15,5,4516,708930.374194
Budget_FY26_v1,2026-10-16,5,4516,708930.374194
Budget_FY26_v1,2026-10-17,5,4516,708930.374194
Budget_FY26_v1,2026-10-18,5,4516,708930.374193
Budget_FY26_v1,2026-10-19,5,4516,708930.374193
Budget_FY26_v1,2026-10-20,5,4516,708930.374193
Budget_FY26_v1,2026-10-21,5,4516,708930.374193
Budget_FY26_v1,2026-10-22,5,4516,708930.374193
Budget_FY26_v1,2026-10-23,5,4516,708930.374193
Budget_FY26_v1,2026-10-24,5,4516,708930.374193
Budget_FY26_v1,2026-10-25,5,4516,708930.374193
Budget_FY26_v1,2026-10-26,5,4516,708930.374193
Budget_FY26_v1,2026-10-27,5,4516,708930.374193
Budget_FY26_v1,2026-10-28,5,4516,708930.374193
Budget_FY26_v1,2026-10-29,5,4516,708930.374193
Budget_FY26_v1,2026-10-30,5,4516,708930.374193
Budget_FY26_v1,2026-10-31,5,4516,708930.374193
Budget_FY26_v1,2026-11-01,1,5000,785868.313334
Budget_FY26_v1,2026-11-02,1,5000,785868.313334
Budget_FY26_v1,2026-11-03,1,5000,785868.313334
Budget_FY26_v1,2026-11-04,1,5000,785868.313334
Budget_FY26_v1,2026-11-05,1,5000,785868.313334
Budget_FY26_v1,2026-11-06,1,5000,785868.313334
Budget_FY26_v1,2026-11-07,1,5000,785868.313334
Budget_FY26_v1,2026-11-08,1,5000,785868.313334
Budget_FY26_v1,2026-11-09,1,5000,785868.313334
Budget_FY26_v1,2026-11-10,1,5000,785868.313334
Budget_FY26_v1,2026-11-11,1,5000,785868.313333
Budget_FY26_v1,2026-11-12,1,5000,785868.313333
Budget_FY26_v1,2026-11-13,1,5000,785868.313333
Budget_FY26_v1,2026-11-14,1,5000,785868.313333
Budget_FY26_v1,2026-11-15,1,5000,785868.313333
Budget_FY26_v1,2026-11-16,1,5000,785868.313333
Budget_FY26_v1,2026-11-17,1,5000,785868.313333
Budget_FY26_v1,2026-11-18,1,5000,785868.313333
Budget_FY26_v1,2026-11-19,1,5000,785868.313333
Budget_FY26_v1,2026-11-20,1,5000,785868.313333
Budget_FY26_v1,2026-11-21,1,5000,785868.313333
Budget_FY26_v1,2026-11-22,1,5000,785868.313333
Budget_FY26_v1,2026-11-23,1,5000,785868.313333
Budget_FY26_v1,2026-11-24,1,5000,785868.313333
Budget_FY26_v1,2026-11-25,1,5000,785868.313333
Budget_FY26_v1,2026-11-26,1,5000,785868.313333
Budget_FY26_v1,2026-11-27,1,5000,785868.313333
Budget_FY26_v1,2026-11-28,1,5000,785868.313333
Budget_FY26_v1,2026-11-29,1,5000,785868.313333
Budget_FY26_v1,2026-11-30,1,5000,785868.313333
Budget_FY26_v1,2026-11-01,2,5000,785868.313334
Budget_FY26_v1,2026-11-02,2,5000,785868.313334
Budget_FY26_v1,2026-11-03,2,5000,785868.313334
Budget_FY26_v1,2026-11-04,2,5000,785868.313334
Budget_FY26_v1,2026-11-05,2,5000,785868.313334
Budget_FY26_v1,2026-11-06,2,5000,785868.313334
Budget_FY26_v1,2026-11-07,2,5000,785868.313334
Budget_FY26_v1,2026-11-08,2,5000,785868.313334
Budget_FY26_v1,2026-11-09,2,5000,785868.313334
Budget_FY26_v1,2026-11-10,2,5000,785868.313334
Budget_FY26_v1,2026-11-11,2,5000,785868.313333
Budget_FY26_v1,2026-11-12,2,5000,785868.313333
Budget_FY26_v1,2026-11-13,2,5000,785868.313333
Budget_FY26_v1,2026-11-14,2,5000,785868.313333
Budget_FY26_v1,2026-11-15,2,5000,785868.313333
Budget_FY26_v1,2026-11-16,2,5000,785868.313333
Budget_FY26_v1,2026-11-17,2,5000,785868.313333
Budget_FY26_v1,2026-11-18,2,5000,785868.313333
Budget_FY26_v1,2026-11-19,2,5000,785868.313333
Budget_FY26_v1,2026-11-20,2,5000,785868.313333
Budget_FY26_v1,2026-11-21,2,5000,785868.313333
Budget_FY26_v1,2026-11-22,2,5000,785868.313333
Budget_FY26_v1,2026-11-23,2,5000,785868.313333
Budget_FY26_v1,2026-11-24,2,5000,785868.313333
Budget_FY26_v1,2026-11-25,2,5000,785868.313333
Budget_FY26_v1,2026-11-26,2,5000,785868.313333
Budget_FY26_v1,2026-11-27,2,5000,785868.313333
Budget_FY26_v1,2026-11-28,2,5000,785868.313333
Budget_FY26_v1,2026-11-29,2,5000,785868.313333
Budget_FY26_v1,2026-11-30,2,5000,785868.313333
Budget_FY26_v1,2026-11-01,3,5000,785868.313334
Budget_FY26_v1,2026-11-02,3,5000,785868.313334
Budget_FY26_v1,2026-11-03,3,5000,785868.313334
Budget_FY26_v1,2026-11-04,3,5000,785868.313334
Budget_FY26_v1,2026-11-05,3,5000,785868.313334
Budget_FY26_v1,2026-11-06,3,5000,785868.313334
Budget_FY26_v1,2026-11-07,3,5000,785868.313334
Budget_FY26_v1,2026-11-08,3,5000,785868.313334
Budget_FY26_v1,2026-11-09,3,5000,785868.313334
Budget_FY26_v1,2026-11-10,3,5000,785868.313334
Budget_FY26_v1,2026-11-11,3,5000,785868.313333
Budget_FY26_v1,2026-11-12,3,5000,785868.313333
Budget_FY26_v1,2026-11-13,3,5000,785868.313333
Budget_FY26_v1,2026-11-14,3,5000,785868.313333
Budget_FY26_v1,2026-11-15,3,5000,785868.313333
Budget_FY26_v1,2026-11-16,3,5000,785868.313333
Budget_FY26_v1,2026-11-17,3,5000,785868.313333
Budget_FY26_v1,2026-11-18,3,5000,785868.313333
Budget_FY26_v1,2026-11-19,3,5000,785868.313333
Budget_FY26_v1,2026-11-20,3,5000,785868.313333
Budget_FY26_v1,2026-11-21,3,5000,785868.313333
Budget_FY26_v1,2026-11-22,3,5000,785868.313333
Budget_FY26_v1,2026-11-23,3,5000,785868.313333
Budget_FY26_v1,2026-11-24,3,5000,785868.313333
Budget_FY26_v1,2026-11-25,3,5000,785868.313333
Budget_FY26_v1,2026-11-26,3,5000,785868.313333
Budget_FY26_v1,2026-11-27,3,5000,785868.313333
Budget_FY26_v1,2026-11-28,3,5000,785868.313333
Budget_FY26_v1,2026-11-29,3,5000,785868.313333
Budget_FY26_v1,2026-11-30,3,5000,785868.313333
Budget_FY26_v1,2026-11-01,4,5000,785868.313334
Budget_FY26_v1,2026-11-02,4,5000,785868.313334
Budget_FY26_v1,2026-11-03,4,5000,785868.313334
Budget_FY26_v1,2026-11-04,4,5000,785868.313334
Budget_FY26_v1,2026-11-05,4,5000,785868.313334
Budget_FY26_v1,2026-11-06,4,5000,785868.313334
Budget_FY26_v1,2026-11-07,4,5000,785868.313334
Budget_FY26_v1,2026-11-08,4,5000,785868.313334
Budget_FY26_v1,2026-11-09,4,5000,785868.313334
Budget_FY26_v1,2026-11-10,4,5000,785868.313334
Budget_FY26_v1,2026-11-11,4,5000,785868.313333
Budget_FY26_v1,2026-11-12,4,5000,785868.313333
Budget_FY26_v1,2026-11-13,4,5000,785868.313333
Budget_FY26_v1,2026-11-14,4,5000,785868.313333
Budget_FY26_v1,2026-11-15,4,5000,785868.313333
Budget_FY26_v1,2026-11-16,4,5000,785868.313333
Budget_FY26_v1,2026-11-17,4,5000,785868.313333
Budget_FY26_v1,2026-11-18,4,5000,785868.313333
Budget_FY26_v1,2026-11-19,4,5000,785868.313333
Budget_FY26_v1,2026-11-20,4,5000,785868.313333
Budget_FY26_v1,2026-11-21,4,5000,785868.313333
Budget_FY26_v1,2026-11-22,4,5000,785868.313333
Budget_FY26_v1,2026-11-23,4,5000,785868.313333
Budget_FY26_v1,2026-11-24,4,5000,785868.313333
Budget_FY26_v1,2026-11-25,4,5000,785868.313333
Budget_FY26_v1,2026-11-26,4,5000,785868.313333
Budget_FY26_v1,2026-11-27,4,5000,785868.313333
Budget_FY26_v1,2026-11-28,4,5000,785868.313333
Budget_FY26_v1,2026-11-29,4,5000,785868.313333
Budget_FY26_v1,2026-11-30,4,5000,785868.313333
Budget_FY26_v1,2026-11-01,5,5000,785868.313334
Budget_FY26_v1,2026-11-02,5,5000,785868.313334
Budget_FY26_v1,2026-11-03,5,5000,785868.313334
Budget_FY26_v1,2026-11-04,5,5000,785868.313334
Budget_FY26_v1,2026-11-05,5,5000,785868.313334
Budget_FY26_v1,2026-11-06,5,5000,785868.313334
Budget_FY26_v1,2026-11-07,5,5000,785868.313334
Budget_FY26_v1,2026-11-08,5,5000,785868.313334
Budget_FY26_v1,2026-11-09,5,5000,785868.313334
Budget_FY26_v1,2026-11-10,5,5000,785868.313334
Budget_FY26_v1,2026-11-11,5,5000,785868.313333
Budget_FY26_v1,2026-11-12,5,5000,785868.313333
Budget_FY26_v1,2026-11-13,5,5000,785868.313333
Budget_FY26_v1,2026-11-14,5,5000,785868.313333
Budget_FY26_v1,2026-11-15,5,5000,785868.313333
Budget_FY26_v1,2026-11-16,5,5000,785868.313333
Budget_FY26_v1,2026-11-17,5,5000,785868.313333
Budget_FY26_v1,2026-11-18,5,5000,785868.313333
Budget_FY26_v1,2026-11-19,5,5000,785868.313333
Budget_FY26_v1,2026-11-20,5,5000,785868.313333
Budget_FY26_v1,2026-11-21,5,5000,785868.313333
Budget_FY26_v1,2026-11-22,5,5000,785868.313333
Budget_FY26_v1,2026-11-23,5,5000,785868.313333
Budget_FY26_v1,2026-11-24,5,5000,785868.313333
Budget_FY26_v1,2026-11-25,5,5000,785868.313333
Budget_FY26_v1,2026-11-26,5,5000,785868.313333
Budget_FY26_v1,2026-11-27,5,5000,785868.313333
Budget_FY26_v1,2026-11-28,5,5000,785868.313333
Budget_FY26_v1,2026-11-29,5,5000,785868.313333
Budget_FY26_v1,2026-11-30,5,5000,785868.313333
Budget_FY26_v1,2026-12-01,1,5162,812232.929033
Budget_FY26_v1,2026-12-02,1,5162,812232.929033
Budget_FY26_v1,2026-12-03,1,5162,812232.929033
Budget_FY26_v1,2026-12-04,1,5162,812232.929033
Budget_FY26_v1,2026-12-05,1,5162,812232.929033
Budget_FY26_v1,2026-12-06,1,5162,812232.929033
Budget_FY26_v1,2026-12-07,1,5162,812232.929033
Budget_FY26_v1,2026-12-08,1,5162,812232.929033
Budget_FY26_v1,2026-12-09,1,5162,812232.929032
Budget_FY26_v1,2026-12-10,1,5161,812232.929032
Budget_FY26_v1,2026-12-11,1,5161,812232.929032
Budget_FY26_v1,2026-12-12,1,5161,812232.929032
Budget_FY26_v1,2026-12-13,1,5161,812232.929032
Budget_FY26_v1,2026-12-14,1,5161,812232.929032
Budget_FY26_v1,2026-12-15,1,5161,812232.929032
Budget_FY26_v1,2026-12-16,1,5161,812232.929032
Budget_FY26_v1,2026-12-17,1,5161,812232.929032
Budget_FY26_v1,2026-12-18,1,5161,812232.929032
Budget_FY26_v1,2026-12-19,1,5161,812232.929032
Budget_FY26_v1,2026-12-20,1,5161,812232.929032
Budget_FY26_v1,2026-12-21,1,5161,812232.929032
Budget_FY26_v1,2026-12-22,1,5161,812232.929032
Budget_FY26_v1,2026-12-23,1,5161,812232.929032
Budget_FY26_v1,2026-12-24,1,5161,812232.929032
Budget_FY26_v1,2026-12-25,1,5161,812232.929032
Budget_FY26_v1,2026-12-26,1,5161,812232.929032
Budget_FY26_v1,2026-12-27,1,5161,812232.929032
Budget_FY26_v1,2026-12-28,1,5161,812232.929032
Budget_FY26_v1,2026-12-29,1,5161,812232.929032
Budget_FY26_v1,2026-12-30,1,5161,812232.929032
Budget_FY26_v1,2026-12-31,1,5161,812232.929032
Budget_FY26_v1,2026-12-01,2,5162,812232.929033
Budget_FY26_v1,2026-12-02,2,5162,812232.929033
Budget_FY26_v1,2026-12-03,2,5162,812232.929033
Budget_FY26_v1,2026-12-04,2,5162,812232.929033
Budget_FY26_v1,2026-12-05,2,5162,812232.929033
Budget_FY26_v1,2026-12-06,2,5162,812232.929033
Budget_FY26_v1,2026-12-07,2,5162,812232.929033
Budget_FY26_v1,2026-12-08,2,5162,812232.929033
Budget_FY26_v1,2026-12-09,2,5162,812232.929032
Budget_FY26_v1,2026-12-10,2,5161,812232.929032
Budget_FY26_v1,2026-12-11,2,5161,812232.929032
Budget_FY26_v1,2026-12-12,2,5161,812232.929032
Budget_FY26_v1,2026-12-13,2,5161,812232.929032
Budget_FY26_v1,2026-12-14,2,5161,812232.929032
Budget_FY26_v1,2026-12-15,2,5161,812232.929032
Budget_FY26_v1,2026-12-16,2,5161,812232.929032
Budget_FY26_v1,2026-12-17,2,5161,812232.929032
Budget_FY26_v1,2026-12-18,2,5161,812232.929032
Budget_FY26_v1,2026-12-19,2,5161,812232.929032
Budget_FY26_v1,2026-12-20,2,5161,812232.929032
Budget_FY26_v1,2026-12-21,2,5161,812232.929032
Budget_FY26_v1,2026-12-22,2,5161,812232.929032
Budget_FY26_v1,2026-12-23,2,5161,812232.929032
Budget_FY26_v1,2026-12-24,2,5161,812232.929032
Budget_FY26_v1,2026-12-25,2,5161,812232.929032
Budget_FY26_v1,2026-12-26,2,5161,812232.929032
Budget_FY26_v1,2026-12-27,2,5161,812232.929032
Budget_FY26_v1,2026-12-28,2,5161,812232.929032
Budget_FY26_v1,2026-12-29,2,5161,812232.929032
Budget_FY26_v1,2026-12-30,2,5161,812232.929032
Budget_FY26_v1,2026-12-31,2,5161,812232.929032
Budget_FY26_v1,2026-12-01,3,5162,812232.929033
Budget_FY26_v1,2026-12-02,3,5162,812232.929033
Budget_FY26_v1,2026-12-03,3,5162,812232.929033
Budget_FY26_v1,2026-12-04,3,5162,812232.929033
Budget_FY26_v1,2026-12-05,3,5162,812232.929033
Budget_FY26_v1,2026-12-06,3,5162,812232.929033
Budget_FY26_v1,2026-12-07,3,5162,812232.929033
Budget_FY26_v1,2026-12-08,3,5162,812232.929033
Budget_FY26_v1,2026-12-09,3,5162,812232.929032
Budget_FY26_v1,2026-12-10,3,5161,812232.929032
Budget_FY26_v1,2026-12-11,3,5161,812232.929032
Budget_FY26_v1,2026-12-12,3,5161,812232.929032
Budget_FY26_v1,2026-12-13,3,5161,812232.929032
Budget_FY26_v1,2026-12-14,3,5161,812232.929032
Budget_FY26_v1,2026-12-15,3,5161,812232.929032
Budget_FY26_v1,2026-12-16,3,5161,812232.929032
Budget_FY26_v1,2026-12-17,3,5161,812232.929032
Budget_FY26_v1,2026-12-18,3,5161,812232.929032
Budget_FY26_v1,2026-12-19,3,5161,812232.929032
Budget_FY26_v1,2026-12-20,3,5161,812232.929032
Budget_FY26_v1,2026-12-21,3,5161,812232.929032
Budget_FY26_v1,2026-12-22,3,5161,812232.929032
Budget_FY26_v1,2026-12-23,3,5161,812232.929032
Budget_FY26_v1,2026-12-24,3,5161,812232.929032
Budget_FY26_v1,2026-12-25,3,5161,812232.929032
Budget_FY26_v1,2026-12-26,3,5161,812232.929032
Budget_FY26_v1,2026-12-27,3,5161,812232.929032
Budget_FY26_v1,2026-12-28,3,5161,812232.929032
Budget_FY26_v1,2026-12-29,3,5161,812232.929032
Budget_FY26_v1,2026-12-30,3,5161,812232.929032
Budget_FY26_v1,2026-12-31,3,5161,812232.929032
Budget_FY26_v1,2026-12-01,4,5162,812232.929033
Budget_FY26_v1,2026-12-02,4,5162,812232.929033
Budget_FY26_v1,2026-12-03,4,5162,812232.929033
Budget_FY26_v1,2026-12-04,4,5162,812232.929033
Budget_FY26_v1,2026-12-05,4,5162,812232.929033
Budget_FY26_v1,2026-12-06,4,5162,812232.929033
Budget_FY26_v1,2026-12-07,4,5162,812232.929033
Budget_FY26_v1,2026-12-08,4,5162,812232.929033
Budget_FY26_v1,2026-12-09,4,5162,812232.929032
Budget_FY26_v1,2026-12-10,4,5161,812232.929032
Budget_FY26_v1,2026-12-11,4,5161,812232.929032
Budget_FY26_v1,2026-12-12,4,5161,812232.929032
Budget_FY26_v1,2026-12-13,4,5161,812232.929032
Budget_FY26_v1,2026-12-14,4,5161,812232.929032
Budget_FY26_v1,2026-12-15,4,5161,812232.929032
Budget_FY26_v1,2026-12-16,4,5161,812232.929032
Budget_FY26_v1,2026-12-17,4,5161,812232.929032
Budget_FY26_v1,2026-12-18,4,5161,812232.929032
Budget_FY26_v1,2026-12-19,4,5161,812232.929032
Budget_FY26_v1,2026-12-20,4,5161,812232.929032
Budget_FY26_v1,2026-12-21,4,5161,812232.929032
Budget_FY26_v1,2026-12-22,4,5161,812232.929032
Budget_FY26_v1,2026-12-23,4,5161,812232.929032
Budget_FY26_v1,2026-12-24,4,5161,812232.929032
Budget_FY26_v1,2026-12-25,4,5161,812232.929032
Budget_FY26_v1,2026-12-26,4,5161,812232.929032
Budget_FY26_v1,2026-12-27,4,5161,812232.929032
Budget_FY26_v1,2026-12-28,4,5161,812232.929032
Budget_FY26_v1,2026-12-29,4,5161,812232.929032
Budget_FY26_v1,2026-12-30,4,5161,812232.929032
Budget_FY26_v1,2026-12-31,4,5161,812232.929032
Budget_FY26_v1,2026-12-01,5,5162,812232.929033
Budget_FY26_v1,2026-12-02,5,5162,812232.929033
Budget_FY26_v1,2026-12-03,5,5162,812232.929033
Budget_FY26_v1,2026-12-04,5,5162,812232.929033
Budget_FY26_v1,2026-12-05,5,5162,812232.929033
Budget_FY26_v1,2026-12-06,5,5162,812232.929033
Budget_FY26_v1,2026-12-07,5,5162,812232.929033
Budget_FY26_v1,2026-12-08,5,5162,812232.929033
Budget_FY26_v1,2026-12-09,5,5162,812232.929032
Budget_FY26_v1,2026-12-10,5,5161,812232.929032
Budget_FY26_v1,2026-12-11,5,5161,812232.929032
Budget_FY26_v1,2026-12-12,5,5161,812232.929032
Budget_FY26_v1,2026-12-13,5,5161,812232.929032
Budget_FY26_v1,2026-12-14,5,5161,812232.929032
Budget_FY26_v1,2026-12-15,5,5161,812232.929032
Budget_FY26_v1,2026-12-16,5,5161,812232.929032
Budget_FY26_v1,2026-12-17,5,5161,812232.929032
Budget_FY26_v1,2026-12-18,5,5161,812232.929032
Budget_FY26_v1,2026-12-19,5,5161,812232.929032
Budget_FY26_v1,2026-12-20,5,5161,812232.929032
Budget_FY26_v1,2026-12-21,5,5161,812232.929032
Budget_FY26_v1,2026-12-22,5,5161,812232.929032
Budget_FY26_v1,2026-12-23,5,5161,812232.929032
Budget_FY26_v1,2026-12-24,5,5161,812232.929032
Budget_FY26_v1,2026-12-25,5,5161,812232.929032
Budget_FY26_v1,2026-12-26,5,5161,812232.929032
Budget_FY26_v1,2026-12-27,5,5161,812232.929032
Budget_FY26_v1,2026-12-28,5,5161,812232.929032
Budget_FY26_v1,2026-12-29,5,5161,812232.929032
Budget_FY26_v1,2026-12-30,5,5161,812232.929032
Budget_FY26_v1,2026-12-31,5,5161,812232.929032
